mention,type,query,wiki_link,wikidata_type,wiki_name,exposure
drake,Artist,drake nonstop i really like,https://en.wikipedia.org/wiki/Drake_(musician),human,Drake_(musician),6.552086778216472
nonstop,WoA,drake nonstop i really like,https://en.wikipedia.org/wiki/Nonstop_(EP),extended play,Nonstop_(EP),0.0
bitter ruin,Artist,music artists like bitter ruin or aliceband,https://en.wikipedia.org/wiki/Bitter_Ruin,musical group,Bitter_Ruin,0.0
aliceband,Artist,music artists like bitter ruin or aliceband,,,,0.0
melody noir,WoA,songs similar to melody noir patrick watson,,,,0.0
patrick watson,Artist,songs similar to melody noir patrick watson,https://en.wikipedia.org/wiki/Patrick_Watson_(musician),human,Patrick_Watson_(musician),2.8899745534390124
frank turner,Artist,looking for similar acoustic semiacoustic bands artists like frank turner,https://en.wikipedia.org/wiki/Frank_Turner,human,Frank_Turner,4.109081909913105
carolina drama,WoA,any songs that tell a story | like carolina drama by the raconteurs,,,,0.0
the raconteurs,Artist,any songs that tell a story | like carolina drama by the raconteurs,https://en.wikipedia.org/wiki/The_Raconteurs,musical group,The_Raconteurs,3.591729648531772
pachelbels,Artist,songs that are derivatives of pachelbels canon,https://en.wikipedia.org/wiki/Johann_Pachelbel,human,Johann_Pachelbel,3.824304611208728
canon,WoA,songs that are derivatives of pachelbels canon,https://en.wikipedia.org/wiki/Canon_(album),album,Canon_(album),0.1141483351162264
the way forward,WoA,similar to the album the way forward by intervals,,,,0.0
intervals,Artist,similar to the album the way forward by intervals,https://en.wikipedia.org/wiki/Intervals_(band),musical group,Intervals_(band),1.0454662469838354
doses & mimosas,WoA,songs similar to doses & mimosas by cherub,,,,0.0
cherub,Artist,songs similar to doses & mimosas by cherub,https://en.wikipedia.org/wiki/Cherub_(musical_duo),musical duo,Cherub_(musical_duo),0.8072790864478829
janelle monaes,Artist,songs similar to janelle monaes songs,https://en.wikipedia.org/wiki/Janelle_Mon%C3%A1e,human,Janelle_Mon%C3%A1e,4.379271820483883
halfway to the halfway house,WoA,something like halfway to the halfway house,,,,0.0
molly,WoA,a similar emotional production vibe to molly ft brandon urie lil dicky,https://en.wikipedia.org/wiki/Molly_(16_Candles_Down_the_Drain),single,Molly_(16_Candles_Down_the_Drain),0.0
brandon urie,Artist,a similar emotional production vibe to molly ft brandon urie lil dicky,,,,0.0
lil dicky,Artist,a similar emotional production vibe to molly ft brandon urie lil dicky,https://en.wikipedia.org/wiki/Lil_Dicky,human,Lil_Dicky,2.1107623156775457
the times they are a changin,WoA,need music like the times they are a changin,https://en.wikipedia.org/wiki/The_Times_They_Are_a-Changin%27_(Bob_Dylan_album),album,The_Times_They_Are_a-Changin%27_(Bob_Dylan_album),0.0
lil tjay,Artist,artists like lil tjay,https://en.wikipedia.org/wiki/Lil_Tjay,human,Lil_Tjay,0.0
archspire,Artist,bands like archspire,https://en.wikipedia.org/wiki/Archspire,musical group,Archspire,0.3215116980776233
brazilian soul,WoA,looking for similar to brazilian soul by the knocks ft sodi tukker | acoustic bossa version,,,,0.0
the knocks,Artist,looking for similar to brazilian soul by the knocks ft sodi tukker | acoustic bossa version,https://en.wikipedia.org/wiki/The_Knocks,musical duo,The_Knocks,2.54392838073975
sodi tukker,Artist,looking for similar to brazilian soul by the knocks ft sodi tukker | acoustic bossa version,,,,0.0
elliot smith,Artist,grundge elliot smith type of band,https://en.wikipedia.org/wiki/Elliot_Smith_(American_football),human,Elliot_Smith_(American_football),0.0
the offspring,Artist,looking for musicians like the offspring or nirvana,https://en.wikipedia.org/wiki/The_Offspring,musical group,The_Offspring,5.260400140978145
nirvana,Artist,looking for musicians like the offspring or nirvana,https://en.wikipedia.org/wiki/Nirvana_(band),rock group,Nirvana_(band),6.635762202347882
head in the ceiling fan,WoA,bands songs similar to head in the ceiling fan by title fight,,,,0.0
title fight,Artist,bands songs similar to head in the ceiling fan by title fight,https://en.wikipedia.org/wiki/Title_Fight,musical group,Title_Fight,2.426715061713873
electric light orchestra,Artist,songs like electric light orchestra,https://en.wikipedia.org/wiki/Electric_Light_Orchestra,musical group,Electric_Light_Orchestra,5.216232590431394
kings of leon,Artist,any song like kings of leon sex on fire,https://en.wikipedia.org/wiki/Kings_of_Leon,rock group,Kings_of_Leon,5.23981723262475
sex on fire,WoA,any song like kings of leon sex on fire,https://en.wikipedia.org/wiki/Sex_on_Fire,single,Sex_on_Fire,2.078907858714945
calm like you,WoA,songs similar to calm like you by the last shadow puppets,,,,0.0
the last shadow puppets,Artist,songs similar to calm like you by the last shadow puppets,https://en.wikipedia.org/wiki/The_Last_Shadow_Puppets,musical group,The_Last_Shadow_Puppets,2.854562367223494
asesina,WoA,asesina kidd sowlo,https://en.wikipedia.org/wiki/Asesina_(Lali_song),single,Asesina_(Lali_song),0.0
kidd sowlo,Artist,asesina kidd sowlo,,,,0.0
rick ross,Artist,songs like rick ross thug cry or big krits cadillactica,https://en.wikipedia.org/wiki/Rick_Ross,human,Rick_Ross,5.802712548332821
thug cry,WoA,songs like rick ross thug cry or big krits cadillactica,https://en.wikipedia.org/wiki/Thug_Cry,single,Thug_Cry,0.0
cadillactica,WoA,songs like rick ross thug cry or big krits cadillactica,https://en.wikipedia.org/wiki/Cadillactica,album,Cadillactica,0.5156088166578829
big krits,Artist,songs like rick ross thug cry or big krits cadillactica,,,,0.0
zhu,Artist,pre game music like zhu working for it,https://en.wikipedia.org/wiki/Zhu_(musician),human,Zhu_(musician),1.7756445963457723
working for it,WoA,pre game music like zhu working for it,,,,0.0
leonard cohen,Artist,any artists with voices similar to leonard cohen or will oldham,https://en.wikipedia.org/wiki/Leonard_Cohen,human,Leonard_Cohen,5.9750180059349685
will oldham,Artist,any artists with voices similar to leonard cohen or will oldham,https://en.wikipedia.org/wiki/Will_Oldham,human,Will_Oldham,4.462694905683467
peach pit,Artist,peach pit black licorice,https://en.wikipedia.org/wiki/Peach-Pit,duo,Peach-Pit,1.4011914284562792
black licorice,WoA,peach pit black licorice,,,,0.0
bail money,WoA,songs like bail money by fredo santana,,,,0.0
fredo santana,Artist,songs like bail money by fredo santana,https://en.wikipedia.org/wiki/Fredo_Santana,human,Fredo_Santana,1.8074719739907348
connect the dots,WoA,any songs or bands that sound like connect the dots by car seat headrest,https://en.wikipedia.org/wiki/Connect_the_Dots_(song),single,Connect_the_Dots_(song),0.1165754740189193
car seat headrest,Artist,any songs or bands that sound like connect the dots by car seat headrest,https://en.wikipedia.org/wiki/Car_Seat_Headrest,musical group,Car_Seat_Headrest,1.8447918465728816
tfot,Artist,looking for stuff similar to tfot | doppelganger manipulator,,,,0.0
manipulator,WoA,looking for stuff similar to tfot | doppelganger manipulator,https://en.wikipedia.org/wiki/Manipulator_(Ty_Segall_album),album,Manipulator_(Ty_Segall_album),0.2258773542403673
doppelganger,WoA,looking for stuff similar to tfot | doppelganger manipulator,https://en.wikipedia.org/wiki/Doppelganger_(Kid_Creole_and_the_Coconuts_album),album,Doppelganger_(Kid_Creole_and_the_Coconuts_album),0.2823467623562798
tarkus,WoA,anything similar to tarkus by emerson lake & palmer,https://en.wikipedia.org/wiki/Tarkus,album,Tarkus,1.659788727375318
emerson lake & palmer,Artist,anything similar to tarkus by emerson lake & palmer,"https://en.wikipedia.org/wiki/Emerson,_Lake_%26_Palmer",supergroup,"Emerson,_Lake_%26_Palmer",4.784306212365847
silver sun pickups,Artist,looking for similar music to silver sun pickups arcade fire foals,,,,0.0
arcade fire,Artist,looking for similar music to silver sun pickups arcade fire foals,https://en.wikipedia.org/wiki/Arcade_Fire,musical group,Arcade_Fire,5.360131846040348
foals,Artist,looking for similar music to silver sun pickups arcade fire foals,https://en.wikipedia.org/wiki/Foals_(band),musical group,Foals_(band),4.041543114639019
serenade for two,WoA,songs similar to serenade for two from yuri on ice ost,https://en.wikipedia.org/wiki/Serenade_for_Two_Spies,film,Serenade_for_Two_Spies,0.2395655025228649
yuri on ice,WoA,songs similar to serenade for two from yuri on ice ost,,,,0.0
chris cornell,Artist,can you recommend some artists singers whose singing style is a combination of chris cornell and of rufus wainwright,https://en.wikipedia.org/wiki/Chris_Cornell,human,Chris_Cornell,4.692037387215436
rufus wainwright,Artist,can you recommend some artists singers whose singing style is a combination of chris cornell and of rufus wainwright,https://en.wikipedia.org/wiki/Rufus_Wainwright,human,Rufus_Wainwright,4.986007859549215
shakey graves,Artist,songs like o death shakey graves please,https://en.wikipedia.org/wiki/Shakey_Graves,human,Shakey_Graves,1.846692216959697
o death,WoA,songs like o death shakey graves please,https://en.wikipedia.org/wiki/O_Death,musical work/composition,O_Death,0.4478263856118563
lava glaciers,WoA,songs like lava glaciers | riff raff ft childish gambino | hip hop,,,,0.0
riff raff,Artist,songs like lava glaciers | riff raff ft childish gambino | hip hop,https://en.wikipedia.org/wiki/Riff_Raff_(band),musical group,Riff_Raff_(band),0.2857563963546106
childish gambino,Artist,songs like lava glaciers | riff raff ft childish gambino | hip hop,https://en.wikipedia.org/wiki/Donald_Glover,human,Donald_Glover,4.559153054829544
jim croce,Artist,jim croce time in a bottle or simon and garfunkel sound of silence,https://en.wikipedia.org/wiki/Jim_Croce,human,Jim_Croce,3.860825372190361
time in a bottle,WoA,jim croce time in a bottle or simon and garfunkel sound of silence,https://en.wikipedia.org/wiki/Time_in_a_Bottle,single,Time_in_a_Bottle,1.4064482022833076
simon and garfunkel,Artist,jim croce time in a bottle or simon and garfunkel sound of silence,https://en.wikipedia.org/wiki/Simon_%26_Garfunkel,musical duo,Simon_%26_Garfunkel,5.314809897965246
sound of silence,WoA,jim croce time in a bottle or simon and garfunkel sound of silence,https://en.wikipedia.org/wiki/Sound_of_Silence_(Dami_Im_song),song,Sound_of_Silence_(Dami_Im_song),0.9307619368328056
clint mansell,Artist,looking for dark electronic ambient albums to work to similar to clint mansell trent reznor & atticus ross,https://en.wikipedia.org/wiki/Clint_Mansell,human,Clint_Mansell,3.129127904772803
 trent reznor,Artist,looking for dark electronic ambient albums to work to similar to clint mansell trent reznor & atticus ross,https://en.wikipedia.org/wiki/Trent_Reznor,human,Trent_Reznor,4.916243811227062
atticus ross,Artist,looking for dark electronic ambient albums to work to similar to clint mansell trent reznor & atticus ross,https://en.wikipedia.org/wiki/Atticus_Ross,human,Atticus_Ross,3.367533842609209
black flag,Artist,similar to mdc tsol black flag ect,https://en.wikipedia.org/wiki/Black_Flag_(band),rock group,Black_Flag_(band),5.169379925597847
tsol,Artist,similar to mdc tsol black flag ect,https://en.wikipedia.org/wiki/Trans-Siberian_Orchestra,musical group,Trans-Siberian_Orchestra,3.967171747764839
mdc,Artist,similar to mdc tsol black flag ect,https://en.wikipedia.org/wiki/MDC_(band),musical group,MDC_(band),2.9272846903271184
hunnybee,WoA,songs similar to hunnybee by unknown mortal orchestra,,,,0.0
unknown mortal orchestra,Artist,songs similar to hunnybee by unknown mortal orchestra,https://en.wikipedia.org/wiki/Unknown_Mortal_Orchestra,musical group,Unknown_Mortal_Orchestra,2.69800214095206
random access memories,WoA,any albums similar in tone to random access memories by daft punk,https://en.wikipedia.org/wiki/Random_Access_Memories,album,Random_Access_Memories,2.8982885088300296
daft punk,Artist,any albums similar in tone to random access memories by daft punk,https://en.wikipedia.org/wiki/Daft_Punk,electronica duo,Daft_Punk,5.504862620106499
king krule,Artist,any suggestions of music or artists like king krule,https://en.wikipedia.org/wiki/King_Krule,human,King_Krule,2.172983330813341
human cannonball,WoA,human cannonball by disco ensemble,https://en.wikipedia.org/wiki/Human_Cannonball_(album),album,Human_Cannonball_(album),0.0312555067561906
disco ensemble,Artist,human cannonball by disco ensemble,https://en.wikipedia.org/wiki/Disco_Ensemble,musical group,Disco_Ensemble,1.6513508131537833
yung gravy,Artist,rap songs like yung gravy,https://en.wikipedia.org/wiki/Yung_Gravy,human,Yung_Gravy,0.0
elo,Artist,looking for artists similar to elo and the hoosiers,https://en.wikipedia.org/wiki/Electric_Light_Orchestra,musical group,Electric_Light_Orchestra,5.216232590431394
the hoosiers,Artist,looking for artists similar to elo and the hoosiers,https://en.wikipedia.org/wiki/The_Hoosiers,musical group,The_Hoosiers,2.882300608447329
ezio family,WoA,another orchestral music with different variations of aaaaaaaaaa like in ezio family,,,,0.0
kreator,Artist,something similar to late kreator,https://en.wikipedia.org/wiki/Kreator,rock group,Kreator,4.08293420541869
bat country,WoA,song like bat country by avenged sevenfold,https://en.wikipedia.org/wiki/Bat_Country,single,Bat_Country,0.8490054502070432
avenged sevenfold,Artist,song like bat country by avenged sevenfold,https://en.wikipedia.org/wiki/Avenged_Sevenfold,musical group,Avenged_Sevenfold,5.061188944680447
askilz,Artist,artists similar to askilz & krafty kuts,https://en.wikipedia.org/wiki/Askil_Holm,human,Askil_Holm,0.5846290485047465
krafty kuts,Artist,artists similar to askilz & krafty kuts,https://en.wikipedia.org/wiki/Krafty_Kuts,human,Krafty_Kuts,1.896434167046964
imax,Artist,im looking for music similar to the song bernadette by imax its my current favorite song and id love to find songs in a similar style,https://en.wikipedia.org/wiki/Ima_(singer),human,Ima_(singer),0.5353549649419573
bernadette,WoA,im looking for music similar to the song bernadette by imax its my current favorite song and id love to find songs in a similar style,https://en.wikipedia.org/wiki/Bernadette_(Four_Tops_song),song,Bernadette_(Four_Tops_song),1.1624179170799636
one time,WoA,lester p one time,https://en.wikipedia.org/wiki/One_Time_(Justin_Bieber_song),single,One_Time_(Justin_Bieber_song),1.6995266715801929
lester p,Artist,lester p one time,https://en.wikipedia.org/wiki/Lester_B._Pearson,human,Lester_B._Pearson,4.781679785329052
car seat headrest,Artist,female artists with a similar sound to car seat headrest weezer,https://en.wikipedia.org/wiki/Car_Seat_Headrest,musical group,Car_Seat_Headrest,1.8447918465728816
weezer,Artist,female artists with a similar sound to car seat headrest weezer,https://en.wikipedia.org/wiki/Weezer,rock group,Weezer,5.548280292067792
kudasai,Artist,where i hear it kudasai where she is,,,,0.0
where she is,WoA,where i hear it kudasai where she is,,,,0.0
oceans 11,WoA,music in the style of david holmes oceans 11 soundtrack electronic jazzy fusion style or swing,,,,0.0
david holmes,Artist,music in the style of david holmes oceans 11 soundtrack electronic jazzy fusion style or swing,https://en.wikipedia.org/wiki/David_Holmes_(musician),human,David_Holmes_(musician),3.2580132277012908
suave youngin,Artist,suave youngin yin and yang,,,,0.0
yin and yang,WoA,suave youngin yin and yang,https://en.wikipedia.org/wiki/Yin_and_Yang_(albums),album,Yin_and_Yang_(albums),0.0
bastille,Artist,looking for other songs artists with a sound similar to this bastille rac remix tried lots of other rac stuff but not very keen | also artists like hot chip electronic dance type music with a bit of a live vibe,https://en.wikipedia.org/wiki/Bastille_(band),musical group,Bastille_(band),3.745978333945427
rac,Artist,looking for other songs artists with a sound similar to this bastille rac remix tried lots of other rac stuff but not very keen | also artists like hot chip electronic dance type music with a bit of a live vibe,,,,0.0
rac,Artist,looking for other songs artists with a sound similar to this bastille rac remix tried lots of other rac stuff but not very keen | also artists like hot chip electronic dance type music with a bit of a live vibe,,,,0.0
hot chip,Artist,looking for other songs artists with a sound similar to this bastille rac remix tried lots of other rac stuff but not very keen | also artists like hot chip electronic dance type music with a bit of a live vibe,https://en.wikipedia.org/wiki/Hot_Chip,musical group,Hot_Chip,4.309079557774776
panini,WoA,looking for songs like panini by lil nas x,https://en.wikipedia.org/wiki/Panini_(song),musical work/composition,Panini_(song),0.0
lil nas x,Artist,looking for songs like panini by lil nas x,https://en.wikipedia.org/wiki/Lil_Nas_X,human,Lil_Nas_X,0.0
going out of my head,WoA,songs like going out of my head by the zombies and day tripper by the beatles,https://en.wikipedia.org/wiki/Going_Out_of_My_Head,single,Going_Out_of_My_Head,0.2784385240282052
the zombies,Artist,songs like going out of my head by the zombies and day tripper by the beatles,https://en.wikipedia.org/wiki/The_Zombies,musical group,The_Zombies,4.187898210365532
day tripper,WoA,songs like going out of my head by the zombies and day tripper by the beatles,https://en.wikipedia.org/wiki/Day_Tripper,musical work/composition,Day_Tripper,3.072711211886769
the beatles,Artist,songs like going out of my head by the zombies and day tripper by the beatles,https://en.wikipedia.org/wiki/The_Beatles,rock group,The_Beatles,8.838585733458892
yoko takahashi,Artist,artists and songs similar to yoko takahashi,https://en.wikipedia.org/wiki/Yoko_Takahashi,human,Yoko_Takahashi,1.6974564345977452
one mans thunder,WoA,looking for a song similar to one mans thunder by pythagoras,,,,0.0
pythagoras,Artist,looking for a song similar to one mans thunder by pythagoras,https://en.wikipedia.org/wiki/Pythagoras,human,Pythagoras,4.840336233448829
the garden,Artist,know any bands artists that sounds like the garden puzzle enjoy,,,,0.0
puzzle,WoA,know any bands artists that sounds like the garden puzzle enjoy,https://en.wikipedia.org/wiki/Puzzle_(Biffy_Clyro_album),album,Puzzle_(Biffy_Clyro_album),1.626163786107611
enjoy,WoA,know any bands artists that sounds like the garden puzzle enjoy,https://en.wikipedia.org/wiki/Enjoy_(Bob_Sinclar_album),album,Enjoy_(Bob_Sinclar_album),0.0
in the aeroplane over the sea,WoA,albums like pink moon and in the aeroplane over the sea,https://en.wikipedia.org/wiki/In_the_Aeroplane_Over_the_Sea,album,In_the_Aeroplane_Over_the_Sea,1.9187731180395389
pink moon,WoA,albums like pink moon and in the aeroplane over the sea,https://en.wikipedia.org/wiki/Pink_Moon,album,Pink_Moon,1.812210889376089
 i love you like an alcoholic,WoA,songs like i love you like an alcoholic,,,,0.0
data,Artist,any albums or music similar to data skywriter,https://en.wikipedia.org/wiki/DATA_(band),musical group,DATA_(band),0.6319455186094185
skywriter,WoA,any albums or music similar to data skywriter,https://en.wikipedia.org/wiki/Skywriter,album,Skywriter,0.5202139437748752
poppys,Artist,music similar to poppys i disagree choke am i a girl,https://en.wikipedia.org/wiki/Les_Poppys,musical group,Les_Poppys,0.1996655210815525
i disagree,WoA,music similar to poppys i disagree choke am i a girl,https://en.wikipedia.org/wiki/I_Disagree,album,I_Disagree,0.0
choke,WoA,music similar to poppys i disagree choke am i a girl,https://en.wikipedia.org/wiki/Choke_(album),album,Choke_(album),0.597981057028429
am i a girl,WoA,music similar to poppys i disagree choke am i a girl,https://en.wikipedia.org/wiki/Am_I_a_Girl%3F,album,Am_I_a_Girl%3F,0.0
across the universe,WoA,songs similar to across the universe,https://en.wikipedia.org/wiki/Across_the_Universe,musical work/composition,Across_the_Universe,2.986933661917744
voin oruwu,Artist,songs like voin oruwu amplification,,,,0.0
amplification,WoA,songs like voin oruwu amplification,,,,0.0
miss murder,WoA,any songs suggestions similar to miss murder by afi | i love the whole bass guitar vocal dynamic of the song,https://en.wikipedia.org/wiki/Miss_Murder,single,Miss_Murder,1.5761473866237186
afi,Artist,any songs suggestions similar to miss murder by afi | i love the whole bass guitar vocal dynamic of the song,https://en.wikipedia.org/wiki/AFI_(band),musical group,AFI_(band),4.555035856056897
fobs,Artist,stuff similar to fobs the phoenix,https://en.wikipedia.org/wiki/Fall_Out_Boy,musical group,Fall_Out_Boy,5.511714569259052
the phoenix,WoA,stuff similar to fobs the phoenix,https://en.wikipedia.org/wiki/The_Phoenix_(Fall_Out_Boy_song),single,The_Phoenix_(Fall_Out_Boy_song),0.9152712363695804
enya,Artist,enya but shes skipping on a sunny day,https://en.wikipedia.org/wiki/Enya,human,Enya,4.340669106760686
josh hommes,Artist,artists like josh hommes bands,https://en.wikipedia.org/wiki/Josh_Homme,human,Josh_Homme,4.363124467825854
fiona apples,Artist,songs like fiona apples pure imagination,https://en.wikipedia.org/wiki/Fiona_Apple,human,Fiona_Apple,4.242633433860959
pure imagination,WoA,songs like fiona apples pure imagination,https://en.wikipedia.org/wiki/Pure_Imagination,musical work/composition,Pure_Imagination,1.566340647556972
billy talent,Artist,recommendations like billy talent afraid of heights | reprise,https://en.wikipedia.org/wiki/Billy_Talent,musical group,Billy_Talent,4.331004918403741
afraid of heights,WoA,recommendations like billy talent afraid of heights | reprise,https://en.wikipedia.org/wiki/Afraid_of_Heights_(Billy_Talent_album),album,Afraid_of_Heights_(Billy_Talent_album),1.2131087274552854
cardigans,Artist,hi im looking for groups similar to cardigans or groups led by a singer | genre pop rock or alternative rock,,,,0.0
тісk оf thе сlосk,WoA,тісk оf thе сlосk еdіt whісh dоеsnt іnсludе thе аnnоуіng nоіsе іn mіddlе оf thе sоng,,,,0.0
philter,Artist,looking for music similar to philter,,,,0.0
sola rosa,Artist,i have recently discovered sola rosa | i love the blend of scratch electronic and mexican music | for lack of a better term | what kind of similar artists or titles would you recommend,,,,0.0
just one fix,WoA,music like just one fix by ministry | not in theme but in how the music sounds,https://en.wikipedia.org/wiki/Just_One_Fix,single,Just_One_Fix,0.3885648832511048
ministry,Artist,music like just one fix by ministry | not in theme but in how the music sounds,https://en.wikipedia.org/wiki/Ministry_(band),rock group,Ministry_(band),4.942270558971039
andrey exx,Artist,if i like andrey exx feat terri b | been a long time what else will i like,,,,0.0
terri b,Artist,if i like andrey exx feat terri b | been a long time what else will i like,https://en.wikipedia.org/wiki/Terri_Brosius,human,Terri_Brosius,1.0216414762092183
been a long time,WoA,if i like andrey exx feat terri b | been a long time what else will i like,https://en.wikipedia.org/wiki/Been_a_Long_Time,single,Been_a_Long_Time,0.0
jimin parks,Artist,any song suggestions for something that sounds like jimin parks young,https://en.wikipedia.org/wiki/Jamie_(singer),human,Jamie_(singer),0.0
young,WoA,any song suggestions for something that sounds like jimin parks young,,,,0.0
mr brightside,WoA,songs thematically similar to mr brightside,https://en.wikipedia.org/wiki/Mr._Brightside,single,Mr._Brightside,2.532567701216296
queen,Artist,looking for angry motivating rock à la queen quasi or fugazi | any recommendations,https://en.wikipedia.org/wiki/Queen_(band),rock group,Queen_(band),6.9912204735263455
quasi,Artist,looking for angry motivating rock à la queen quasi or fugazi | any recommendations,https://en.wikipedia.org/wiki/Quasi,musical group,Quasi,2.572061662213187
fugazi,Artist,looking for angry motivating rock à la queen quasi or fugazi | any recommendations,https://en.wikipedia.org/wiki/Fugazi,musical group,Fugazi,4.514911122065083
me myself and i,WoA,suggest some songs like me myself and i,https://en.wikipedia.org/wiki/Me_Myself_and_I_(De_La_Soul_song),song,Me_Myself_and_I_(De_La_Soul_song),1.3370805178049707
mick gordons,Artist,metal like mick gordons doom soundtrack,https://en.wikipedia.org/wiki/Mick_Gordon_(composer),human,Mick_Gordon_(composer),0.9220536428717416
doom,WoA,metal like mick gordons doom soundtrack,https://en.wikipedia.org/wiki/Doom_(EP),extended play,Doom_(EP),0.0483413154422791
val vicious,Artist,val vicious 2 loves,,,,0.0
2 loves,WoA,val vicious 2 loves,,,,0.0
would you be so kind,WoA,looking for songs like would you be so kind by dodie,,,,0.0
dodie,Artist,looking for songs like would you be so kind by dodie,https://en.wikipedia.org/wiki/Dodie_(singer),human,Dodie_(singer),0.0
jet set radio,WoA,music like jet set radio sonic rush modnation racers,https://en.wikipedia.org/wiki/Jet_Set_Radio,video game,Jet_Set_Radio,2.3814069962692432
sonic rush,WoA,music like jet set radio sonic rush modnation racers,https://en.wikipedia.org/wiki/Sonic_Rush,video game,Sonic_Rush,1.722634230145916
modnation racers,WoA,music like jet set radio sonic rush modnation racers,https://en.wikipedia.org/wiki/ModNation_Racers,video game,ModNation_Racers,1.8427659974188604
im just your problem,WoA,searching for music like the song im just your problem advemture time,,,,0.0
advemture time,Artist,searching for music like the song im just your problem advemture time,,,,0.0
daft punk,Artist,if i like daft punk prodigy gorillaz who else would i like,https://en.wikipedia.org/wiki/Daft_Punk,electronica duo,Daft_Punk,5.504862620106499
prodigy,Artist,if i like daft punk prodigy gorillaz who else would i like,https://en.wikipedia.org/wiki/The_Prodigy,musical group,The_Prodigy,5.417116497933726
gorillaz,Artist,if i like daft punk prodigy gorillaz who else would i like,https://en.wikipedia.org/wiki/Gorillaz,virtual band,Gorillaz,5.187996574407592
deathray davies,Artist,deathray davies and archers of loaf esque suggestions,,,,0.0
archers of loaf,Artist,deathray davies and archers of loaf esque suggestions,https://en.wikipedia.org/wiki/Archers_of_Loaf,musical group,Archers_of_Loaf,2.6160780678757103
jungle,WoA,songs like jungle | drake,https://en.wikipedia.org/wiki/The_Jungle_(1967_film),short film,The_Jungle_(1967_film),0.0
drake,Artist,songs like jungle | drake,https://en.wikipedia.org/wiki/Drake_(musician),human,Drake_(musician),6.552086778216472
frank sinatra,Artist,what should i listen to if i like frank sinatra,https://en.wikipedia.org/wiki/Frank_Sinatra,human,Frank_Sinatra,7.649348627786709
dire straits,Artist,is there anything like dire straits,https://en.wikipedia.org/wiki/Dire_Straits,musical group,Dire_Straits,5.048009381440197
light of the seven,WoA,suggest me something similar to light of the seven by ramin djawadi,https://en.wikipedia.org/wiki/Light_of_the_Seven,musical work/composition,Light_of_the_Seven,0.0
ramin djawadi,Artist,suggest me something similar to light of the seven by ramin djawadi,https://en.wikipedia.org/wiki/Ramin_Djawadi,human,Ramin_Djawadi,3.110794152539734
post malone,Artist,artists like post malone the weeknd or drake | also yung emu,https://en.wikipedia.org/wiki/Post_Malone,human,Post_Malone,3.190445301013062
the weeknd,Artist,artists like post malone the weeknd or drake | also yung emu,https://en.wikipedia.org/wiki/The_Weeknd,human,The_Weeknd,5.088768815354845
drake,Artist,artists like post malone the weeknd or drake | also yung emu,https://en.wikipedia.org/wiki/Drake_(musician),human,Drake_(musician),6.552086778216472
yung emu,Artist,artists like post malone the weeknd or drake | also yung emu,,,,0.0
where do you go to my lovely,WoA,where do you go to my lovely songs that sound like this,,,,0.0
matchbook romance,Artist,just got xbox music looking for music suggestions like matchbook romance monsters,https://en.wikipedia.org/wiki/Matchbook_Romance,musical group,Matchbook_Romance,2.4151574517416847
monsters,WoA,just got xbox music looking for music suggestions like matchbook romance monsters,https://en.wikipedia.org/wiki/Monsters_(Saara_Aalto_song),single,Monsters_(Saara_Aalto_song),0.0
ayur,Artist,music similar to ayur and dj okawari,https://en.wikipedia.org/wiki/Ayumi_Hamasaki,human,Ayumi_Hamasaki,4.7207168589026285
dj okawari,Artist,music similar to ayur and dj okawari,https://en.wikipedia.org/wiki/DJ_Okawari,human,DJ_Okawari,0.0
rillo talk,WoA,looking for more happy lighthearted psychedelic music like the song rillo talk by wild child,,,,0.0
wild child,Artist,looking for more happy lighthearted psychedelic music like the song rillo talk by wild child,https://en.wikipedia.org/wiki/Wild_Child_(band),musical group,Wild_Child_(band),0.8258669238129563
glass phantoms,Artist,looking for similar artists | glass phantoms call my name,,,,0.0
call my name,WoA,looking for similar artists | glass phantoms call my name,https://en.wikipedia.org/wiki/Call_My_Name_(Cheryl_song),single,Call_My_Name_(Cheryl_song),1.3779485344246538
progressia,WoA,looking for trance music similar to progressia matt fax fibreglasses chicane and others,,,,0.0
matt fax,Artist,looking for trance music similar to progressia matt fax fibreglasses chicane and others,https://en.wikipedia.org/wiki/Farrow_(musician),human,Farrow_(musician),0.0
fibreglasses,WoA,looking for trance music similar to progressia matt fax fibreglasses chicane and others,,,,0.0
chicane,Artist,looking for trance music similar to progressia matt fax fibreglasses chicane and others,https://en.wikipedia.org/wiki/Chicane_(musician),human,Chicane_(musician),3.144531273944297
pinocchio,WoA,haunting music similar to pinocchio by kai straw lic,https://en.wikipedia.org/wiki/Pinocchio_(f(x)_album),album,Pinocchio_(f(x)_album),1.1124117982828157
kai straw,Artist,haunting music similar to pinocchio by kai straw lic,https://en.wikipedia.org/wiki/Kai_Stratznig,human,Kai_Stratznig,0.0
212,WoA,hip house music similar to 212 by azealia banks,https://en.wikipedia.org/wiki/212_(song),single,212_(song),1.309143567687073
azealia banks,Artist,hip house music similar to 212 by azealia banks,https://en.wikipedia.org/wiki/Azealia_Banks,human,Azealia_Banks,3.611367368106608
fantasia,WoA,songs like in fantasia by kishi bashi,https://en.wikipedia.org/wiki/Fantasia_(Fantasia_album),album,Fantasia_(Fantasia_album),0.0
kishi bashi,Artist,songs like in fantasia by kishi bashi,https://en.wikipedia.org/wiki/Kishi_Bashi,human,Kishi_Bashi,2.0237713687405243
into the fire,WoA,any similar songs like into the fire by asking alexandria or a prophecy also by asking alexandria or a greater foundation as i lay dying rock songs with clean vocals,https://en.wikipedia.org/wiki/Into_the_Fire_(album),album,Into_the_Fire_(album),1.1419222769837098
asking alexandria,Artist,any similar songs like into the fire by asking alexandria or a prophecy also by asking alexandria or a greater foundation as i lay dying rock songs with clean vocals,https://en.wikipedia.org/wiki/Asking_Alexandria,musical group,Asking_Alexandria,3.742456170045916
a prophecy,WoA,any similar songs like into the fire by asking alexandria or a prophecy also by asking alexandria or a greater foundation as i lay dying rock songs with clean vocals,,,,0.0
asking alexandria,Artist,any similar songs like into the fire by asking alexandria or a prophecy also by asking alexandria or a greater foundation as i lay dying rock songs with clean vocals,https://en.wikipedia.org/wiki/Asking_Alexandria,musical group,Asking_Alexandria,3.742456170045916
a greater foundation,WoA,any similar songs like into the fire by asking alexandria or a prophecy also by asking alexandria or a greater foundation as i lay dying rock songs with clean vocals,,,,0.0
as i lay dying,Artist,any similar songs like into the fire by asking alexandria or a prophecy also by asking alexandria or a greater foundation as i lay dying rock songs with clean vocals,https://en.wikipedia.org/wiki/As_I_Lay_Dying_(band),musical group,As_I_Lay_Dying_(band),3.952304217269521
hercules,WoA,looking for songs like disney hercules i wont say | im in love,https://en.wikipedia.org/wiki/Hercules_(1983_film),film,Hercules_(1983_film),1.619658490337747
i wont say | im in love,WoA,looking for songs like disney hercules i wont say | im in love,,,,0.0
anfa rose,Artist,anfa rose substance,,,,0.0
substance,WoA,anfa rose substance,https://en.wikipedia.org/wiki/Substance_(Joy_Division_album),album,Substance_(Joy_Division_album),1.222464561840022
alina baraz,Artist,chill vibe music similar to alina baraz & galimatias,https://en.wikipedia.org/wiki/Alina_Baraz,human,Alina_Baraz,0.419258751667213
galimatias,Artist,chill vibe music similar to alina baraz & galimatias,,,,0.0
kongos,Artist,music similair to the opening of kongos come with me now,https://en.wikipedia.org/wiki/Kongos_(band),musical group,Kongos_(band),1.896529248630889
come with me now,WoA,music similair to the opening of kongos come with me now,https://en.wikipedia.org/wiki/Come_with_Me_Now,song,Come_with_Me_Now,0.1161313352886797
swans,Artist,looking for music like swans daughters and black midi,https://en.wikipedia.org/wiki/Swans_(band),musical group,Swans_(band),4.224308209291371
daughters,Artist,looking for music like swans daughters and black midi,https://en.wikipedia.org/wiki/Daughters_(band),musical group,Daughters_(band),1.902178384200477
black midi,Artist,looking for music like swans daughters and black midi,https://en.wikipedia.org/wiki/Black_Midi,rock group,Black_Midi,0.0
the bitter end,WoA,the bitter end by placebo,https://en.wikipedia.org/wiki/The_Bitter_End_(song),single,The_Bitter_End_(song),1.0744173495530145
placebo,Artist,the bitter end by placebo,https://en.wikipedia.org/wiki/Placebo_(band),musical group,Placebo_(band),4.809299922233102
dan romer,Artist,looking for dan romer similar songs,https://en.wikipedia.org/wiki/Dan_Romer,human,Dan_Romer,1.8800159981180933
bombom,WoA,what genre of music is this | bombom by macklemore & ryan lewis,,,,0.0
macklemore & ryan lewis,Artist,what genre of music is this | bombom by macklemore & ryan lewis,https://en.wikipedia.org/wiki/Macklemore_%26_Ryan_Lewis,musical duo,Macklemore_%26_Ryan_Lewis,3.2068593277304664
oh | sweet nothing,WoA,songs that youd hear playing at a gas station diner in the country side at night related to oh | sweet nothing night moves,,,,0.0
night moves,WoA,songs that youd hear playing at a gas station diner in the country side at night related to oh | sweet nothing night moves,https://en.wikipedia.org/wiki/Night_Moves_(album),album,Night_Moves_(album),1.2316615473426058
turbo killer,WoA,looking for a song similar to carpenter brut turbo killer,,,,0.0
carpenter brut,Artist,looking for a song similar to carpenter brut turbo killer,https://en.wikipedia.org/wiki/Carpenter_Brut,human,Carpenter_Brut,0.8057963796665959
let her go,WoA,similar to let her go remix by mike stud or emperors new clothes crazy genius dont threaten me with a good time panoc | at the disco or giant calvin harros ragnbone man,https://en.wikipedia.org/wiki/Let_Her_Go,single,Let_Her_Go,1.6861981720643762
mike stud,Artist,similar to let her go remix by mike stud or emperors new clothes crazy genius dont threaten me with a good time panoc | at the disco or giant calvin harros ragnbone man,https://en.wikipedia.org/wiki/Mike_Stuart_Span,musical group,Mike_Stuart_Span,0.0
emperors new clothes,WoA,similar to let her go remix by mike stud or emperors new clothes crazy genius dont threaten me with a good time panoc | at the disco or giant calvin harros ragnbone man,,,,0.0
crazy genius,WoA,similar to let her go remix by mike stud or emperors new clothes crazy genius dont threaten me with a good time panoc | at the disco or giant calvin harros ragnbone man,,,,0.0
dont threaten me with a good time,WoA,similar to let her go remix by mike stud or emperors new clothes crazy genius dont threaten me with a good time panoc | at the disco or giant calvin harros ragnbone man,,,,0.0
panoc | at the disco,Artist,similar to let her go remix by mike stud or emperors new clothes crazy genius dont threaten me with a good time panoc | at the disco or giant calvin harros ragnbone man,,,,0.0
giant,WoA,similar to let her go remix by mike stud or emperors new clothes crazy genius dont threaten me with a good time panoc | at the disco or giant calvin harros ragnbone man,https://en.wikipedia.org/wiki/Giant_(Calvin_Harris_and_Rag%27n%27Bone_Man_song),single,Giant_(Calvin_Harris_and_Rag%27n%27Bone_Man_song),0.0
calvin harros,Artist,similar to let her go remix by mike stud or emperors new clothes crazy genius dont threaten me with a good time panoc | at the disco or giant calvin harros ragnbone man,,,,0.0
ragnbone man,Artist,similar to let her go remix by mike stud or emperors new clothes crazy genius dont threaten me with a good time panoc | at the disco or giant calvin harros ragnbone man,,,,0.0
oh my sunshine,WoA,oh my sunshine atwood,,,,0.0
atwood,Artist,oh my sunshine atwood,https://en.wikipedia.org/wiki/Porter_Collins,human,Porter_Collins,0.0
flatbush zombies,Artist,looking for more music similar to flatbush zombies and underachievers,https://en.wikipedia.org/wiki/Flatbush_Zombies,musical group,Flatbush_Zombies,2.3935458141837547
underachievers,Artist,looking for more music similar to flatbush zombies and underachievers,,,,0.0
iwan rheon,Artist,looking for artists similar to iwan rheon,https://en.wikipedia.org/wiki/Iwan_Rheon,human,Iwan_Rheon,2.596911091025495
luis fonsi,Artist,who is the french luis fonsi,https://en.wikipedia.org/wiki/Luis_Fonsi,human,Luis_Fonsi,4.238481549506595
lala land,WoA,looking for jazz either like the upbeat stuff in lala land or badbadnotgood,https://en.wikipedia.org/wiki/La_La_Land,film,La_La_Land,0.0
badbadnotgood,Artist,looking for jazz either like the upbeat stuff in lala land or badbadnotgood,https://en.wikipedia.org/wiki/BadBadNotGood,musical group,BadBadNotGood,2.625382877246356
old town road,WoA,songs similar to old town road,https://en.wikipedia.org/wiki/Old_Town_Road,single,Old_Town_Road,0.0
norf norf,WoA,songs like norf norf vince staples,https://en.wikipedia.org/wiki/Norf_Norf,single,Norf_Norf,0.0202778216455055
vince staples,Artist,songs like norf norf vince staples,https://en.wikipedia.org/wiki/Vince_Staples,human,Vince_Staples,3.427129669255228
baretos,Artist,looking for music similar to baretos,https://en.wikipedia.org/wiki/Bareto,musical ensemble,Bareto,0.0
heartbeat,WoA,songs with similar vibe and structure as heartbeat by annie,https://en.wikipedia.org/wiki/Heartbeat_(Justs_song),musical work/composition,Heartbeat_(Justs_song),0.547314550761083
annie,Artist,songs with similar vibe and structure as heartbeat by annie,https://en.wikipedia.org/wiki/Annie_(singer),human,Annie_(singer),2.882775924731037
laura and antons,Artist,any french songs that are like laura and antons version of la vie en rose by edith piaf,,,,0.0
la vie en rose,WoA,any french songs that are like laura and antons version of la vie en rose by edith piaf,https://en.wikipedia.org/wiki/La_Vie_en_rose,musical work/composition,La_Vie_en_rose,2.943838605852717
edith piaf,Artist,any french songs that are like laura and antons version of la vie en rose by edith piaf,https://en.wikipedia.org/wiki/%C3%89dith_Piaf,human,%C3%89dith_Piaf,4.8846859708193495
the night we met,WoA,songs like the night we met lord huron,https://en.wikipedia.org/wiki/The_Night_We_Met_(Lord_Huron_song),single,The_Night_We_Met_(Lord_Huron_song),0.0
lord huron,Artist,songs like the night we met lord huron,https://en.wikipedia.org/wiki/Lord_Huron,musical group,Lord_Huron,1.8146917960726192
repo men,WoA,tracks similar to the repo men soundtrack | william bell rza,https://en.wikipedia.org/wiki/Repo_Men,film,Repo_Men,2.1247089618336616
william bell,Artist,tracks similar to the repo men soundtrack | william bell rza,https://en.wikipedia.org/wiki/William_Bell_(singer),human,William_Bell_(singer),3.0239869086325992
rza,Artist,tracks similar to the repo men soundtrack | william bell rza,https://en.wikipedia.org/wiki/RZA,human,RZA,4.9382262276475295
more,WoA,recommend me more songs like more by flying lotus ft anderson park,https://en.wikipedia.org/wiki/More_(soundtrack),album,More_(soundtrack),1.8891322481974857
flying lotus,Artist,recommend me more songs like more by flying lotus ft anderson park,https://en.wikipedia.org/wiki/Flying_Lotus,human,Flying_Lotus,4.045149812925393
anderson park,Artist,recommend me more songs like more by flying lotus ft anderson park,https://en.wikipedia.org/wiki/Anderson_Timoteo_Paredes,human,Anderson_Timoteo_Paredes,0.0
mario odyessey,WoA,looking for more music that sounds like modern spaghetti western | like this track from mario odyessey and gerudo valley,,,,0.0
gerudo valley,WoA,looking for more music that sounds like modern spaghetti western | like this track from mario odyessey and gerudo valley,https://en.wikipedia.org/wiki/The_Legend_of_Zelda:_Ocarina_of_Time,video game,The_Legend_of_Zelda:_Ocarina_of_Time,3.656354040709761
lil dicky,Artist,music similar to lil dicky molly,https://en.wikipedia.org/wiki/Lil_Dicky,human,Lil_Dicky,2.1107623156775457
molly,WoA,music similar to lil dicky molly,https://en.wikipedia.org/wiki/Molly_(16_Candles_Down_the_Drain),single,Molly_(16_Candles_Down_the_Drain),0.0
ray charles,Artist,something similar to the opening of ray charles ol man river,"https://en.wikipedia.org/wiki/Ray_Charles_(musician,_born_1918)",human,"Ray_Charles_(musician,_born_1918)",1.6529690537310628
ol man river,WoA,something similar to the opening of ray charles ol man river,,,,0.0
todd phillips,Artist,suggestions for song inspirations on the line of todd phillips the joker,https://en.wikipedia.org/wiki/Todd_Phillips_(musician),human,Todd_Phillips_(musician),2.054255038678249
the joker,WoA,suggestions for song inspirations on the line of todd phillips the joker,https://en.wikipedia.org/wiki/The_Joker_(Steve_Miller_Band_song),single,The_Joker_(Steve_Miller_Band_song),2.249180135157662
swedish house mafia,Artist,suggest music similar to the one created by swedish house mafia,https://en.wikipedia.org/wiki/Swedish_House_Mafia,musical group,Swedish_House_Mafia,3.9191679417783742
pyramids,WoA,looking for songs and music similar to pyramids by frank ocean,https://en.wikipedia.org/wiki/Pyramids_(song),single,Pyramids_(song),0.958981228614066
frank ocean,Artist,looking for songs and music similar to pyramids by frank ocean,https://en.wikipedia.org/wiki/Frank_Ocean,human,Frank_Ocean,4.556504339011049
natalia lafourcade,Artist,any music like natalia lafourcade | spanish or french,https://en.wikipedia.org/wiki/Natalia_Lafourcade,human,Natalia_Lafourcade,3.124300099957084
bang bang,WoA,songs like bang bang by green day in terms of vibe & feel,"https://en.wikipedia.org/wiki/Bang_Bang_(Jessie_J,_Ariana_Grande_and_Nicki_Minaj_song)",single,"Bang_Bang_(Jessie_J,_Ariana_Grande_and_Nicki_Minaj_song)",2.7559540063307946
green day,Artist,songs like bang bang by green day in terms of vibe & feel,https://en.wikipedia.org/wiki/Green_Day,rock group,Green_Day,6.372923356237793
dengue fever,Artist,anything like dengue fever,https://en.wikipedia.org/wiki/Dengue_Fever_(band),musical group,Dengue_Fever_(band),1.7847632700973757
red eye,WoA,songs like red eye by vance joy,https://en.wikipedia.org/wiki/Red_Eye_(2005_South_Korean_film),film,Red_Eye_(2005_South_Korean_film),0.0541522958120186
vance joy,Artist,songs like red eye by vance joy,https://en.wikipedia.org/wiki/Vance_Joy,human,Vance_Joy,3.022630890201832
alt+j,Artist,songs similar to alt+j taro,,,,0.0
taro,WoA,songs similar to alt+j taro,,,,0.0
the xx,Artist,some tunes with the xx like guitars,https://en.wikipedia.org/wiki/The_xx,musical group,The_xx,4.090444144831366
vegyn,Artist,looking for some songs that have really interesting electronic drums comparable to vegyn aphex twin daft punk gesaffelstein,https://en.wikipedia.org/wiki/Vegyn,human,Vegyn,0.0
aphex twin,Artist,looking for some songs that have really interesting electronic drums comparable to vegyn aphex twin daft punk gesaffelstein,https://en.wikipedia.org/wiki/Aphex_Twin,human,Aphex_Twin,4.9640105456074455
daft punk,Artist,looking for some songs that have really interesting electronic drums comparable to vegyn aphex twin daft punk gesaffelstein,https://en.wikipedia.org/wiki/Daft_Punk,electronica duo,Daft_Punk,5.504862620106499
gesaffelstein,Artist,looking for some songs that have really interesting electronic drums comparable to vegyn aphex twin daft punk gesaffelstein,https://en.wikipedia.org/wiki/Gesaffelstein,human,Gesaffelstein,2.0477617917609763
stolen dance,WoA,music similar to stolen dance baker man | some chill music needed,https://en.wikipedia.org/wiki/Stolen_Dance,song,Stolen_Dance,0.746772730578126
baker man,WoA,music similar to stolen dance baker man | some chill music needed,,,,0.0
kero kero bonito,Artist,more music like kero kero bonito,https://en.wikipedia.org/wiki/Kero_Kero_Bonito,musical group,Kero_Kero_Bonito,0.8824659076859884
a single song,WoA,songs like a single song,,,,0.0
my little pony,WoA,peaceful synthy music like the 1980s my little pony end credits song,https://en.wikipedia.org/wiki/My_Little_Pony:_Equestria_Girls_%E2%80%93_Legend_of_Everfree,film,My_Little_Pony:_Equestria_Girls_%E2%80%93_Legend_of_Everfree,1.634551135969749
ultralight beam,WoA,rap + gospel vibes | like ultralight beam,https://en.wikipedia.org/wiki/Ultralight_Beam,musical work/composition,Ultralight_Beam,0.8154290441081038
baybee,WoA,songs with a sound similar to baybee jay som,,,,0.0
jay som,Artist,songs with a sound similar to baybee jay som,https://en.wikipedia.org/wiki/Jay_Som,human,Jay_Som,0.0592251054551393
geotics,Artist,looking for music that is like geotics music,https://en.wikipedia.org/wiki/Baths_(musician),human,Baths_(musician),1.65755215196749
kevin macleods,Artist,anything similar to kevin macleods peace of mind,https://en.wikipedia.org/wiki/Kevin_MacLeod,human,Kevin_MacLeod,0.0
peace of mind,WoA,anything similar to kevin macleods peace of mind,https://en.wikipedia.org/wiki/Peace_of_Mind_(Boston_song),single,Peace_of_Mind_(Boston_song),0.7818832649306362
legend has it,WoA,songs similar to legend has it by run the jewels,https://en.wikipedia.org/wiki/Legend_Has_It,single,Legend_Has_It,0.0
run the jewels,Artist,songs similar to legend has it by run the jewels,https://en.wikipedia.org/wiki/Run_the_Jewels,musical duo,Run_the_Jewels,3.147875923610229
caleb cruise,Artist,caleb cruise like metro,,,,0.0
like metro,WoA,caleb cruise like metro,,,,0.0
otherside,WoA,looking for songs similar to otherside by the red hot chili peppers,https://en.wikipedia.org/wiki/Otherside,single,Otherside,1.456696404409703
the red hot chili peppers,Artist,looking for songs similar to otherside by the red hot chili peppers,https://en.wikipedia.org/wiki/Red_Hot_Chili_Peppers,rock group,Red_Hot_Chili_Peppers,6.46590908197542
ghost,WoA,any suggestions for songs albums with similar sounds to ghost by machine girl,https://en.wikipedia.org/wiki/Ghost_(Jamie-Lee_Kriewitz_song),song,Ghost_(Jamie-Lee_Kriewitz_song),0.6292201516413094
machine girl,Artist,any suggestions for songs albums with similar sounds to ghost by machine girl,https://en.wikipedia.org/wiki/Machine_Girl_(band),musical duo,Machine_Girl_(band),0.0
playinwitme,WoA,songs like playinwitme by kyle and ispy by kyle,https://en.wikipedia.org/wiki/Playinwitme,single,Playinwitme,0.0
kyle,Artist,songs like playinwitme by kyle and ispy by kyle,https://en.wikipedia.org/wiki/Kyle_(musician),human,Kyle_(musician),1.827362153460332
ispy,WoA,songs like playinwitme by kyle and ispy by kyle,https://en.wikipedia.org/wiki/ISpy_(Kyle_song),musical work/composition,ISpy_(Kyle_song),0.7551479567413519
kyle,Artist,songs like playinwitme by kyle and ispy by kyle,https://en.wikipedia.org/wiki/Kyle_(musician),human,Kyle_(musician),1.827362153460332
old doll,WoA,songs like old doll from mad father or hide and seek vocaloid english cover by lizz robinett,,,,0.0
mad father,Artist,songs like old doll from mad father or hide and seek vocaloid english cover by lizz robinett,,,,0.0
hide and seek,WoA,songs like old doll from mad father or hide and seek vocaloid english cover by lizz robinett,https://en.wikipedia.org/wiki/Hide_and_Seek_(The_Birthday_Massacre_album),album,Hide_and_Seek_(The_Birthday_Massacre_album),0.2700478925908207
lizz robinett,Artist,songs like old doll from mad father or hide and seek vocaloid english cover by lizz robinett,,,,0.0
alex turners,Artist,sorta like alex turners stuff from submarine,https://en.wikipedia.org/wiki/Alex_Turner,human,Alex_Turner,0.0
submarine,WoA,sorta like alex turners stuff from submarine,https://en.wikipedia.org/wiki/Submarine_(EP),extended play,Submarine_(EP),0.3410569661233822
leroyce,Artist,songs similar to leroyce team | ft t gallardo & loners club | hiphop recommendation,,,,0.0
team,WoA,songs similar to leroyce team | ft t gallardo & loners club | hiphop recommendation,https://en.wikipedia.org/wiki/Team_(Lorde_song),single,Team_(Lorde_song),1.4416664827955756
t gallardo,Artist,songs similar to leroyce team | ft t gallardo & loners club | hiphop recommendation,,,,0.0
loners club,Artist,songs similar to leroyce team | ft t gallardo & loners club | hiphop recommendation,,,,0.0
nxworries,Artist,looking for the similar beat tune flow | nxworries droogs,https://en.wikipedia.org/wiki/NxWorries,musical group,NxWorries,0.6167157908032532
droogs,WoA,looking for the similar beat tune flow | nxworries droogs,,,,0.0
autopsychosis,WoA,autopsychosis by katalepsy is my favorite brutal slam album | any bands like them,https://en.wikipedia.org/wiki/Autopsychosis,album,Autopsychosis,0.0
katalepsy,Artist,autopsychosis by katalepsy is my favorite brutal slam album | any bands like them,https://en.wikipedia.org/wiki/Katalepsy,musical group,Katalepsy,0.0
seizure of power,WoA,songs similar to seizure of power or the drowning,,,,0.0
the drowning,WoA,songs similar to seizure of power or the drowning,https://en.wikipedia.org/wiki/The_Drowning_EP,extended play,The_Drowning_EP,0.0
kyg holiday,Artist,kyg holiday on my way,,,,0.0
on my way,WoA,kyg holiday on my way,https://en.wikipedia.org/wiki/On_My_Way_(Omar_Naber_song),song,On_My_Way_(Omar_Naber_song),0.0
nature boy,WoA,nature boy remix,https://en.wikipedia.org/wiki/Nature_Boy,musical work/composition,Nature_Boy,3.0155634439450374
burden in my hand,WoA,something similar to burden in my hand by soundgarden,https://en.wikipedia.org/wiki/Burden_in_My_Hand,single,Burden_in_My_Hand,0.7837590256887701
soundgarden,Artist,something similar to burden in my hand by soundgarden,https://en.wikipedia.org/wiki/Soundgarden,rock group,Soundgarden,5.489241713406994
nyxen,Artist,songs like in the city nyxen,https://en.wikipedia.org/wiki/Nyxen,human,Nyxen,0.0
in the city,WoA,songs like in the city nyxen,https://en.wikipedia.org/wiki/In_the_City_(The_Jam_album),album,In_the_City_(The_Jam_album),0.9387002716005188
go to good,WoA,go to good vibe song,,,,0.0
spiderland,WoA,any bands albums similar to spiderland by slint,https://en.wikipedia.org/wiki/Spiderland,album,Spiderland,1.5797503880359771
slint,Artist,any bands albums similar to spiderland by slint,https://en.wikipedia.org/wiki/Slint,musical group,Slint,3.179604050684649
souls of fire,WoA,music like souls of fire firelink shrine or nameless song from dark souls,,,,0.0
firelink shrine,WoA,music like souls of fire firelink shrine or nameless song from dark souls,,,,0.0
nameless song,WoA,music like souls of fire firelink shrine or nameless song from dark souls,,,,0.0
dark souls,WoA,music like souls of fire firelink shrine or nameless song from dark souls,https://en.wikipedia.org/wiki/Dark_Souls_(film),film,Dark_Souls_(film),0.383207399834518
jin tekken,WoA,songs similar to jin tekken theme,,,,0.0
logics,Artist,rap similar to logics song all i do that i can just chill out and groove to,https://en.wikipedia.org/wiki/Logic_(rapper),human,Logic_(rapper),0.0
all i do,WoA,rap similar to logics song all i do that i can just chill out and groove to,https://en.wikipedia.org/wiki/All_I_Do,musical work/composition,All_I_Do,0.3242711493450834
ty segall,Artist,something with a garage heavy fuzz sound similar to this track by ty segall,https://en.wikipedia.org/wiki/Ty_Segall,human,Ty_Segall,2.952178851891377
the chain,WoA,what are some songs with a similar vibe story as the chain,https://en.wikipedia.org/wiki/The_Chain,musical work/composition,The_Chain,2.0150189337139786
naïve,Artist,song similar to naïve the shroud,https://en.wikipedia.org/wiki/Matthijs_Naiveu,human,Matthijs_Naiveu,0.8027953640011365
the shroud,WoA,song similar to naïve the shroud,https://en.wikipedia.org/wiki/The_Shroud_Of,album,The_Shroud_Of,0.0
fleet foxes,Artist,suggest some music similar to fleet foxes,https://en.wikipedia.org/wiki/Fleet_Foxes,musical group,Fleet_Foxes,3.7533891758373663
shakey graves,Artist,looking for music like shakey graves,https://en.wikipedia.org/wiki/Shakey_Graves,human,Shakey_Graves,1.846692216959697
i cant stop drinking,WoA,looking for songs like i cant stop drinking by the menzingers,,,,0.0
the menzingers,Artist,looking for songs like i cant stop drinking by the menzingers,https://en.wikipedia.org/wiki/The_Menzingers,musical group,The_Menzingers,2.413436566721929
johnny cash,Artist,southern gothic dark johnny cash true detective season 1 intro,https://en.wikipedia.org/wiki/Johnny_Cash,human,Johnny_Cash,6.911468083752947
true detective,WoA,southern gothic dark johnny cash true detective season 1 intro,,,,0.0
prayer in c,WoA,which songs like prayer in c are really slow and mellow | bonus points if they contain unorthodox instruments such as the flute,https://en.wikipedia.org/wiki/Prayer_in_C,song,Prayer_in_C,0.7813295632268566
caleb cruise,Artist,caleb cruise u mad | ft kaleb mitchell,,,,0.0
u mad,WoA,caleb cruise u mad | ft kaleb mitchell,https://en.wikipedia.org/wiki/U_Mad,single,U_Mad,0.0
kaleb mitchell,Artist,caleb cruise u mad | ft kaleb mitchell,,,,0.0
a ha,Artist,old school rock pop like a ha led zepplin or the eagles,https://en.wikipedia.org/wiki/A-ha,musical group,A-ha,4.877012974003296
led zepplin,Artist,old school rock pop like a ha led zepplin or the eagles,,,,0.0
the eagles,Artist,old school rock pop like a ha led zepplin or the eagles,https://en.wikipedia.org/wiki/Eagles_(band),musical group,Eagles_(band),5.797869923857032
wow,WoA,i like wow main themes more like this,https://en.wikipedia.org/wiki/Wow_(Kylie_Minogue_song),single,Wow_(Kylie_Minogue_song),1.875287558831877
filmmaker,Artist,music like this | filmmaker the love market specific songs,https://en.wikipedia.org/wiki/Pilar_Palomero,human,Pilar_Palomero,0.0
the love market,WoA,music like this | filmmaker the love market specific songs,https://en.wikipedia.org/wiki/The_Love_Market,film,The_Love_Market,0.0
viene de mi,WoA,do you know some great songs or bands with good vibes like viene de mi de la yegros,,,,0.0
de la yegros,Artist,do you know some great songs or bands with good vibes like viene de mi de la yegros,,,,0.0
dawn of the dead,WoA,music like sun high from the us dawn of the dead soundtrack,https://en.wikipedia.org/wiki/Dawn_of_the_Dead_(song),single,Dawn_of_the_Dead_(song),0.0
sun high,WoA,music like sun high from the us dawn of the dead soundtrack,,,,0.0
lcd soundsystem,Artist,need something similar to lcd soundsystem in my ears,https://en.wikipedia.org/wiki/LCD_Soundsystem,musical group,LCD_Soundsystem,4.396122229261271
harry chapin,Artist,suggestions for artists similar to harry chapin and jim croce,https://en.wikipedia.org/wiki/Harry_Chapin,human,Harry_Chapin,3.840259933833927
jim croce,Artist,suggestions for artists similar to harry chapin and jim croce,https://en.wikipedia.org/wiki/Jim_Croce,human,Jim_Croce,3.860825372190361
hans zimmers,Artist,hans zimmers interstellar music type musics,https://en.wikipedia.org/wiki/Hans_Zimmer,human,Hans_Zimmer,5.239962761257766
interstellar,WoA,hans zimmers interstellar music type musics,https://en.wikipedia.org/wiki/Interstellar_(film),film,Interstellar_(film),3.9014748393291008
openhouse,Artist,openhouse cowdads,,,,0.0
cowdads,WoA,openhouse cowdads,,,,0.0
jamiroquai,Artist,looking for something similar to runaway jamiroquai,https://en.wikipedia.org/wiki/Jamiroquai,musical group,Jamiroquai,4.870705396638222
runaway,WoA,looking for something similar to runaway jamiroquai,https://en.wikipedia.org/wiki/Runaway_(Bon_Jovi_song),single,Runaway_(Bon_Jovi_song),1.593731514579023
mathematics,WoA,looking for bittersweet soft rock love songs similar to mathematics by cherry ghost,https://en.wikipedia.org/wiki/Mathematics_(album),album,Mathematics_(album),0.0
cherry ghost,Artist,looking for bittersweet soft rock love songs similar to mathematics by cherry ghost,https://en.wikipedia.org/wiki/Cherry_Ghost,musical group,Cherry_Ghost,2.13375427734171
sabbath,Artist,dark and heavy blues rock like early sabbath,https://en.wikipedia.org/wiki/Sabbat_(English_band),musical group,Sabbat_(English_band),2.0208337302012502
they might be giants,Artist,looking for bands or music that are like they might be giants,https://en.wikipedia.org/wiki/They_Might_Be_Giants,musical group,They_Might_Be_Giants,4.945084261384688
the mountain goats,Artist,looking for female artists like the mountain goats,https://en.wikipedia.org/wiki/The_Mountain_Goats,musical group,The_Mountain_Goats,4.028956100296922
the pointer sisters,Artist,songs like the pointer sisters im so excited,https://en.wikipedia.org/wiki/The_Pointer_Sisters,musical group,The_Pointer_Sisters,4.668052032879245
im so excited,WoA,songs like the pointer sisters im so excited,,,,0.0
piano man,WoA,songs with similar piano solos to the one in piano man,https://en.wikipedia.org/wiki/Piano_Man_(Billy_Joel_album),album,Piano_Man_(Billy_Joel_album),0.0
cant stop wont stop,Artist,looking for music similar to cant stop wont stop stop drop roll,,,,0.0
stop drop roll,WoA,looking for music similar to cant stop wont stop stop drop roll,,,,0.0
jump up super star,WoA,happy big band jazz like jump up super star,,,,0.0
seven lions,WoA,songs like seven lions serpent of old feat | ciscandra nostalgia,,,,0.0
serpent of old,Artist,songs like seven lions serpent of old feat | ciscandra nostalgia,,,,0.0
ciscandra nostalgia,Artist,songs like seven lions serpent of old feat | ciscandra nostalgia,,,,0.0
tuesday,WoA,similar songs to the very beginning of tuesday by burak yeter,https://en.wikipedia.org/wiki/Tuesday_(Burak_Yeter_song),single,Tuesday_(Burak_Yeter_song),0.0
burak yeter,Artist,similar songs to the very beginning of tuesday by burak yeter,https://en.wikipedia.org/wiki/Burak_Yeter,human,Burak_Yeter,0.3979628722821857
rub a dub dub,WoA,rub a dub dub by daniel hart similar classical music,https://en.wikipedia.org/wiki/Rub-a-dub-dub,musical work/composition,Rub-a-dub-dub,0.8977396758316907
daniel hart,Artist,rub a dub dub by daniel hart similar classical music,https://en.wikipedia.org/wiki/Daniel_Hart_(musician),human,Daniel_Hart_(musician),1.0075598831361283
last dinosaurs,Artist,artists like last dinosaurs and two doors cinemas club,https://en.wikipedia.org/wiki/Last_Dinosaurs,musical group,Last_Dinosaurs,1.2910307483568246
two doors cinemas club,Artist,artists like last dinosaurs and two doors cinemas club,,,,0.0
franco battiato,Artist,franco battiato one of my favorites,https://en.wikipedia.org/wiki/Franco_Battiato,human,Franco_Battiato,4.092382442966885
snsds,Artist,any cute romantic esque christmas songs similar to snsds diamond,https://en.wikipedia.org/wiki/Girls%27_Generation,girl group,Girls%27_Generation,5.030269765102338
diamond,WoA,any cute romantic esque christmas songs similar to snsds diamond,,,,0.0
kaleo,Artist,looking for music like kaleo,https://en.wikipedia.org/wiki/Kaleo_(band),musical group,Kaleo_(band),1.5862509729884984
mgmt,Artist,got really into mgmt recently but theres not enough of their stuff | any other bands that have that same sort of odd sound about them,https://en.wikipedia.org/wiki/MGMT,musical group,MGMT,4.48351490877354
frank ocean,Artist,similar to frank ocean,https://en.wikipedia.org/wiki/Frank_Ocean,human,Frank_Ocean,4.556504339011049
koven,Artist,looking for something similar to koven the glitch mob or mark petrie,https://en.wikipedia.org/wiki/Koven_(group),musical duo,Koven_(group),0.0
the glitch mob,Artist,looking for something similar to koven the glitch mob or mark petrie,https://en.wikipedia.org/wiki/The_Glitch_Mob,musical group,The_Glitch_Mob,2.216663174206147
mark petrie,Artist,looking for something similar to koven the glitch mob or mark petrie,https://en.wikipedia.org/wiki/Mark_Petrie,human,Mark_Petrie,0.0
walk & skank,WoA,songs similar to walk & skank jah screechy,,,,0.0
jah screechy,Artist,songs similar to walk & skank jah screechy,,,,0.0
sarah mclachlans,Artist,looking for music with a similar feel to sarah mclachlans fear,https://en.wikipedia.org/wiki/Sarah_McLachlan,human,Sarah_McLachlan,5.119192552069883
fear,WoA,looking for music with a similar feel to sarah mclachlans fear,https://en.wikipedia.org/wiki/Fear_(John_Cale_album),album,Fear_(John_Cale_album),1.053759499586107
the imagined village,Artist,recently started listening to the imagined village | any other suggestions for similar music,https://en.wikipedia.org/wiki/The_Imagined_Village,musical ensemble,The_Imagined_Village,1.509549588081546
luke cage,WoA,songs voices like this one | from netflix luke cage | raphael saadiq angel,https://en.wikipedia.org/wiki/Luke_Cage_(soundtrack),album,Luke_Cage_(soundtrack),0.0767023698461617
raphael saadiq,Artist,songs voices like this one | from netflix luke cage | raphael saadiq angel,https://en.wikipedia.org/wiki/Raphael_Saadiq,human,Raphael_Saadiq,4.077366973735465
angel,WoA,songs voices like this one | from netflix luke cage | raphael saadiq angel,https://en.wikipedia.org/wiki/Angel_(Madonna_song),musical work/composition,Angel_(Madonna_song),1.5434336274491898
i killed the prom queen,Artist,looking for music like i killed the prom queen but without all the screaming,https://en.wikipedia.org/wiki/I_Killed_the_Prom_Queen,musical group,I_Killed_the_Prom_Queen,2.8006830768748774
scroll of sorrow,WoA,music similar to scroll of sorrow by machine girl,,,,0.0
machine girl,Artist,music similar to scroll of sorrow by machine girl,https://en.wikipedia.org/wiki/Machine_Girl_(band),musical duo,Machine_Girl_(band),0.0
butterflies,WoA,songs similar to butterflies by samsa,https://en.wikipedia.org/wiki/Butterflies_(Michael_Jackson_song),single,Butterflies_(Michael_Jackson_song),1.01547207199887
samsa,Artist,songs similar to butterflies by samsa,https://en.wikipedia.org/wiki/Samsas_Traum,musical group,Samsas_Traum,1.3823954805722811
e ve,Artist,looking for music similar to e ve,https://en.wikipedia.org/wiki/%C3%89mile_Louis_Vernier,human,%C3%89mile_Louis_Vernier,0.0
savage gardens,Artist,request | anything like savage gardens first album,https://en.wikipedia.org/wiki/Savage_Garden,musical group,Savage_Garden,3.734592518586391
syd dales,Artist,songs like syd dales the hellraisers,https://en.wikipedia.org/wiki/Syd_Dale,human,Syd_Dale,1.342333344600915
the hellraisers,WoA,songs like syd dales the hellraisers,,,,0.0
amon amarth,Artist,amon amarth suggestion,https://en.wikipedia.org/wiki/Amon_Amarth,rock group,Amon_Amarth,3.842002610990461
a thousand foot krutch,Artist,looking for a band like a thousand foot krutch,,,,0.0
van halen,Artist,popular songs similar to van halen and stan bush,https://en.wikipedia.org/wiki/Van_Halen,musical group,Van_Halen,5.796345533317936
stan bush,Artist,popular songs similar to van halen and stan bush,https://en.wikipedia.org/wiki/Stan_Bush,human,Stan_Bush,1.9586062727113145
harder better faster stronger,WoA,stuff like the last 60 seconds of harder better faster stronger | like the edm equivalent of a guitar solo jam session,"https://en.wikipedia.org/wiki/Harder,_Better,_Faster,_Stronger",single,"Harder,_Better,_Faster,_Stronger",2.1582818082971293
this war of mine,WoA,music similar to the soundtrack of this war of mine,https://en.wikipedia.org/wiki/This_War_of_Mine,video game,This_War_of_Mine,0.969823702628906
the arc,WoA,songs that sound like the arc from the yours dreamily album recorder by the arcs,,,,0.0
the yours dreamily,WoA,songs that sound like the arc from the yours dreamily album recorder by the arcs,,,,0.0
the arcs,Artist,songs that sound like the arc from the yours dreamily album recorder by the arcs,https://en.wikipedia.org/wiki/The_Arcs,musical group,The_Arcs,1.2120790375421553
this head i hold,WoA,songs like this head i hold by electric guest,https://en.wikipedia.org/wiki/This_Head_I_Hold,musical work/composition,This_Head_I_Hold,0.0
electric guest,Artist,songs like this head i hold by electric guest,https://en.wikipedia.org/wiki/Electric_Guest,musical group,Electric_Guest,1.6477914582699231
feryquitous,Artist,looking for anything similar to this one feryquitous track,,,,0.0
overwork,Artist,i was hoping i could find something similar to overwork toccata | electro,https://en.wikipedia.org/wiki/Overworld_(band),musical group,Overworld_(band),0.0
toccata,WoA,i was hoping i could find something similar to overwork toccata | electro,https://en.wikipedia.org/wiki/Toccata_(Prokofiev),musical work/composition,Toccata_(Prokofiev),0.0874454322353734
drakes,Artist,im thinking of giving drakes music a try what are some good starter songs to listen to by him,https://en.wikipedia.org/wiki/Drake_(musician),human,Drake_(musician),6.552086778216472
kendrick lamars,Artist,im looking for an album that is similar to kendrick lamars to pimp a butterfly big krits 4eva is a mighty long time or childish gambinos awaken my love,https://en.wikipedia.org/wiki/Kendrick_Lamar,human,Kendrick_Lamar,5.759461212724565
to pimp a butterfly,WoA,im looking for an album that is similar to kendrick lamars to pimp a butterfly big krits 4eva is a mighty long time or childish gambinos awaken my love,https://en.wikipedia.org/wiki/To_Pimp_a_Butterfly,album,To_Pimp_a_Butterfly,2.7671541771234445
big krits,Artist,im looking for an album that is similar to kendrick lamars to pimp a butterfly big krits 4eva is a mighty long time or childish gambinos awaken my love,,,,0.0
4eva is a mighty long time,WoA,im looking for an album that is similar to kendrick lamars to pimp a butterfly big krits 4eva is a mighty long time or childish gambinos awaken my love,https://en.wikipedia.org/wiki/4eva_Is_a_Mighty_Long_Time,album,4eva_Is_a_Mighty_Long_Time,0.0
childish gambinos,Artist,im looking for an album that is similar to kendrick lamars to pimp a butterfly big krits 4eva is a mighty long time or childish gambinos awaken my love,https://en.wikipedia.org/wiki/Donald_Glover,human,Donald_Glover,4.559153054829544
awaken my love,WoA,im looking for an album that is similar to kendrick lamars to pimp a butterfly big krits 4eva is a mighty long time or childish gambinos awaken my love,,,,0.0
incubus,Artist,incubus and ra,https://en.wikipedia.org/wiki/Incubus_(band),musical group,Incubus_(band),4.792366662733034
ra,Artist,incubus and ra,,,,0.0
brown skin girl,WoA,brown skin girl by beyonce any music with a similar sound,https://en.wikipedia.org/wiki/Brown_Skin_Girl,single,Brown_Skin_Girl,0.0
beyonce,Artist,brown skin girl by beyonce any music with a similar sound,https://en.wikipedia.org/wiki/The_Carters,musical duo,The_Carters,0.0
divide,WoA,looking for music similar to divide by magna,https://en.wikipedia.org/wiki/%C3%B7_(album),album,%C3%B7_(album),2.595726235307321
magna,Artist,looking for music similar to divide by magna,https://en.wikipedia.org/wiki/Alessandro_Magnasco,human,Alessandro_Magnasco,2.2342743929376017
opaul,WoA,is deep fried bossa nova a genre | opaul freddie dredd,,,,0.0
freddie dredd,Artist,is deep fried bossa nova a genre | opaul freddie dredd,,,,0.0
dont play no game that i cant win,WoA,songs similar to dont play no game that i cant win sebastian remix feat | santigold,,,,0.0
sebastian,Artist,songs similar to dont play no game that i cant win sebastian remix feat | santigold,https://en.wikipedia.org/wiki/Sebastian_(singer),human,Sebastian_(singer),1.3807339960639968
santigold,Artist,songs similar to dont play no game that i cant win sebastian remix feat | santigold,https://en.wikipedia.org/wiki/Santigold,human,Santigold,4.023249457340572
yaeji,Artist,raingurl yaeji,https://en.wikipedia.org/wiki/Yaeji,human,Yaeji,0.1329466038578353
raingurl,WoA,raingurl yaeji,,,,0.0
migos,Artist,hiphop trap music like migos or travis scott in your native language,https://en.wikipedia.org/wiki/Migos,musical group,Migos,4.301905126177926
travis scott,Artist,hiphop trap music like migos or travis scott in your native language,https://en.wikipedia.org/wiki/Travis_Scott,human,Travis_Scott,4.35237280949525
the gentle storm,Artist,looking for something like the gentle storm,https://en.wikipedia.org/wiki/The_Gentle_Storm,musical group,The_Gentle_Storm,1.4772846536726938
willow,Artist,music like willow cudi,https://en.wikipedia.org/wiki/Willow_Smith,human,Willow_Smith,2.9992747482711994
cudi,Artist,music like willow cudi,https://en.wikipedia.org/wiki/Cud_(band),musical group,Cud_(band),1.82055067528184
m83,Artist,bands like m83,https://en.wikipedia.org/wiki/M83_(band),musical group,M83_(band),4.0125298623681065
last alliance,Artist,looking for something similar to last alliance,https://en.wikipedia.org/wiki/Last_Alliance_(band),musical group,Last_Alliance_(band),0.0793758733069367
redbone,WoA,looking to expand my playlist redbone gambino & menswear | 1975,https://en.wikipedia.org/wiki/Redbone_(song),musical work/composition,Redbone_(song),1.0088950455122774
gambino,Artist,looking to expand my playlist redbone gambino & menswear | 1975,https://en.wikipedia.org/wiki/Gambino_Family_(group),musical group,Gambino_Family_(group),0.3784397605631557
menswear,WoA,looking to expand my playlist redbone gambino & menswear | 1975,,,,0.0
1975,Artist,looking to expand my playlist redbone gambino & menswear | 1975,,,,0.0
apache mr 24 7 365,Artist,songs that sound like | apache mr 24 7 365 have ever you felt,,,,0.0
have ever you felt,WoA,songs that sound like | apache mr 24 7 365 have ever you felt,,,,0.0
daft punk,Artist,suggest me something along the lines of daft punk arctic monkeys,https://en.wikipedia.org/wiki/Daft_Punk,electronica duo,Daft_Punk,5.504862620106499
arctic monkeys,Artist,suggest me something along the lines of daft punk arctic monkeys,https://en.wikipedia.org/wiki/Arctic_Monkeys,rock group,Arctic_Monkeys,5.284758584810186
snow patrols,Artist,songs that are similar to snow patrols chasing cars,https://en.wikipedia.org/wiki/Snow_Patrol,rock group,Snow_Patrol,5.080855261890443
chasing cars,WoA,songs that are similar to snow patrols chasing cars,https://en.wikipedia.org/wiki/Chasing_Cars,single,Chasing_Cars,2.606304933998347
radiohead,Artist,any bands like late radiohead thom yorke solo career,https://en.wikipedia.org/wiki/Radiohead,musical group,Radiohead,6.562410151614332
thom yorke,Artist,any bands like late radiohead thom yorke solo career,https://en.wikipedia.org/wiki/Thom_Yorke,human,Thom_Yorke,4.578005752194462
bloom,WoA,looking for songs like this one bloom by the paper kites,https://en.wikipedia.org/wiki/Bloom_(Troye_Sivan_album),album,Bloom_(Troye_Sivan_album),0.0
the paper kites,Artist,looking for songs like this one bloom by the paper kites,https://en.wikipedia.org/wiki/The_Paper_Kites,musical group,The_Paper_Kites,1.023766198480729
defeating earths gravity,WoA,songs similar to defeating earths gravity by sunn o,,,,0.0
sunn o,Artist,songs similar to defeating earths gravity by sunn o,https://en.wikipedia.org/wiki/Sunn_O))),musical ensemble,Sunn_O))),3.721245083726759
hikaru utada,Artist,japanese female singers similar to hikaru utada,https://en.wikipedia.org/wiki/Hikaru_Utada,human,Hikaru_Utada,0.0
polo & pan,Artist,bonjour | looking for french music suggestions | genre electronic new disco indie pop jazz garage deep house hip hop rap eg | polo & pan parcels vendredi sur mer poom cortex justice damso dave stormzy melinda ademi,https://en.wikipedia.org/wiki/Polo_%26_Pan,musical group,Polo_%26_Pan,0.0
parcels,Artist,bonjour | looking for french music suggestions | genre electronic new disco indie pop jazz garage deep house hip hop rap eg | polo & pan parcels vendredi sur mer poom cortex justice damso dave stormzy melinda ademi,https://en.wikipedia.org/wiki/Parcels_(band),musical group,Parcels_(band),0.0686232624059073
vendredi sur mer,Artist,bonjour | looking for french music suggestions | genre electronic new disco indie pop jazz garage deep house hip hop rap eg | polo & pan parcels vendredi sur mer poom cortex justice damso dave stormzy melinda ademi,https://en.wikipedia.org/wiki/Vendredi_sur_Mer,human,Vendredi_sur_Mer,0.0
poom,Artist,bonjour | looking for french music suggestions | genre electronic new disco indie pop jazz garage deep house hip hop rap eg | polo & pan parcels vendredi sur mer poom cortex justice damso dave stormzy melinda ademi,https://en.wikipedia.org/wiki/Pumpuang_Duangjan,human,Pumpuang_Duangjan,0.5652403104736674
cortex,Artist,bonjour | looking for french music suggestions | genre electronic new disco indie pop jazz garage deep house hip hop rap eg | polo & pan parcels vendredi sur mer poom cortex justice damso dave stormzy melinda ademi,https://en.wikipedia.org/wiki/Cesare_Corte,human,Cesare_Corte,0.1113402662090035
justice,Artist,bonjour | looking for french music suggestions | genre electronic new disco indie pop jazz garage deep house hip hop rap eg | polo & pan parcels vendredi sur mer poom cortex justice damso dave stormzy melinda ademi,https://en.wikipedia.org/wiki/Justice_(band),musical group,Justice_(band),4.086992215228852
damso,Artist,bonjour | looking for french music suggestions | genre electronic new disco indie pop jazz garage deep house hip hop rap eg | polo & pan parcels vendredi sur mer poom cortex justice damso dave stormzy melinda ademi,https://en.wikipedia.org/wiki/Damso,human,Damso,0.0
dave,Artist,bonjour | looking for french music suggestions | genre electronic new disco indie pop jazz garage deep house hip hop rap eg | polo & pan parcels vendredi sur mer poom cortex justice damso dave stormzy melinda ademi,https://en.wikipedia.org/wiki/Dave_(singer),human,Dave_(singer),1.3967834607390677
stormzy,Artist,bonjour | looking for french music suggestions | genre electronic new disco indie pop jazz garage deep house hip hop rap eg | polo & pan parcels vendredi sur mer poom cortex justice damso dave stormzy melinda ademi,https://en.wikipedia.org/wiki/Stormzone,musical group,Stormzone,0.0
melinda ademi,Artist,bonjour | looking for french music suggestions | genre electronic new disco indie pop jazz garage deep house hip hop rap eg | polo & pan parcels vendredi sur mer poom cortex justice damso dave stormzy melinda ademi,https://en.wikipedia.org/wiki/Melinda_Ademi,human,Melinda_Ademi,0.0
power,WoA,songs similar to power by kanye west angel of the morning by juice newton and the immigrant song by led zepplin,https://en.wikipedia.org/wiki/Power_(Kanye_West_song),single,Power_(Kanye_West_song),1.927005332783072
kanye west,Artist,songs similar to power by kanye west angel of the morning by juice newton and the immigrant song by led zepplin,https://en.wikipedia.org/wiki/Kids_See_Ghosts,musical duo,Kids_See_Ghosts,0.0
angel of the morning,WoA,songs similar to power by kanye west angel of the morning by juice newton and the immigrant song by led zepplin,https://en.wikipedia.org/wiki/Angel_of_the_Morning,musical work/composition,Angel_of_the_Morning,2.282075637408971
juice newton,Artist,songs similar to power by kanye west angel of the morning by juice newton and the immigrant song by led zepplin,https://en.wikipedia.org/wiki/Juice_Newton,human,Juice_Newton,3.7871454662638406
immigrant song,WoA,songs similar to power by kanye west angel of the morning by juice newton and the immigrant song by led zepplin,https://en.wikipedia.org/wiki/Immigrant_Song,single,Immigrant_Song,2.8297725480162974
led zepplin,Artist,songs similar to power by kanye west angel of the morning by juice newton and the immigrant song by led zepplin,,,,0.0
blur,Artist,like blur intermission,https://en.wikipedia.org/wiki/Blur_(band),musical group,Blur_(band),5.558835005206188
intermission,WoA,like blur intermission,https://en.wikipedia.org/wiki/Intermission_(Stratovarius_album),album,Intermission_(Stratovarius_album),0.5360324583478118
war of hearts,WoA,songs like war of hearts by ruelle,,,,0.0
ruelle,Artist,songs like war of hearts by ruelle,https://en.wikipedia.org/wiki/Ruelle_(singer),human,Ruelle_(singer),0.3842819272987245
flunk,Artist,songs like flunk cigarette burns,https://en.wikipedia.org/wiki/Flunk,musical group,Flunk,1.1941971717104725
cigarette burns,WoA,songs like flunk cigarette burns,,,,0.0
balmorheas,Artist,along the lines of balmorheas early stuff,https://en.wikipedia.org/wiki/Balmorhea_(band),musical group,Balmorhea_(band),1.0175186232096802
hardfloor,Artist,303 driven house like hardfloor,https://en.wikipedia.org/wiki/Hardfloor,musical group,Hardfloor,1.5598723637668073
mike perrys,Artist,trying to find songs very similar to mike perrys the ocean,https://en.wikipedia.org/wiki/Mike_Perry_(fighter),human,Mike_Perry_(fighter),1.0795129481395185
the ocean,WoA,trying to find songs very similar to mike perrys the ocean,https://en.wikipedia.org/wiki/The_Ocean_(Led_Zeppelin_song),musical work/composition,The_Ocean_(Led_Zeppelin_song),1.5413469850759274
unknown pleasures,WoA,suggestions for post punk albums nothing too obscure for someone who liked unknown pleasures and public image ltd,https://en.wikipedia.org/wiki/Unknown_Pleasures,album,Unknown_Pleasures,2.136210507628922
public image ltd,Artist,suggestions for post punk albums nothing too obscure for someone who liked unknown pleasures and public image ltd,https://en.wikipedia.org/wiki/Public_Image_Ltd,rock group,Public_Image_Ltd,4.517911212553175
another night on mars,WoA,i cant get enough of another night on mars by the maine | what else should i be obsessed with,,,,0.0
the maine,Artist,i cant get enough of another night on mars by the maine | what else should i be obsessed with,https://en.wikipedia.org/wiki/The_Maine_(band),musical group,The_Maine_(band),2.9611927006785788
air,Artist,i randomly found a song called cherry blossom girl air and i love it | looking for similar songs,https://en.wikipedia.org/wiki/Air_(band),electronica duo,Air_(band),3.9556629284305513
cherry blossom girl,WoA,i randomly found a song called cherry blossom girl air and i love it | looking for similar songs,https://en.wikipedia.org/wiki/Cherry_Blossom_Girl,song,Cherry_Blossom_Girl,0.1173762886640314
marvin gaye,Artist,sexy music like marvin gaye lets get it on,https://en.wikipedia.org/wiki/Marvin_Gaye,human,Marvin_Gaye,6.358566896112487
lets get it on,WoA,sexy music like marvin gaye lets get it on,,,,0.0
motion,WoA,motion walls,https://en.wikipedia.org/wiki/Motion_(Calvin_Harris_album),album,Motion_(Calvin_Harris_album),1.6349645409790234
walls,Artist,motion walls,https://en.wikipedia.org/wiki/Walls_(band),musical group,Walls_(band),0.2648146453699596
grouplove,Artist,other artists like grouplove and mother mother,https://en.wikipedia.org/wiki/Grouplove,musical group,Grouplove,2.860676744936818
mother mother,Artist,other artists like grouplove and mother mother,https://en.wikipedia.org/wiki/Mother_Mother,musical group,Mother_Mother,2.545264780128946
fliptrix,Artist,chavvy boom bap hiphop similar to fliptrix or jack jetson,,,,0.0
jack jetson,Artist,chavvy boom bap hiphop similar to fliptrix or jack jetson,,,,0.0
assassins creed 2,WoA,recommend me similar songs like assassins creed 2 ost the madam to these please,https://en.wikipedia.org/wiki/Assassin%27s_Creed_II,video game,Assassin%27s_Creed_II,3.206097408418956
the madam,WoA,recommend me similar songs like assassins creed 2 ost the madam to these please,,,,0.0
happy,WoA,songs like happy | by mudvayne,https://en.wikipedia.org/wiki/Happy_(Pharrell_Williams_song),song,Happy_(Pharrell_Williams_song),3.4337781704338166
mudvayne,Artist,songs like happy | by mudvayne,https://en.wikipedia.org/wiki/Mudvayne,musical group,Mudvayne,3.793137955194238
drive away,WoA,drive away the brummies,https://en.wikipedia.org/wiki/Drive_Away/Shiawase_no_J%C5%8Dken,single,Drive_Away/Shiawase_no_J%C5%8Dken,0.0
the brummies,Artist,drive away the brummies,,,,0.0
glitter and gold,WoA,any other songs like glitter and gold from barns courtney,,,,0.0
barns courtney,Artist,any other songs like glitter and gold from barns courtney,https://en.wikipedia.org/wiki/Barns_Courtney,human,Barns_Courtney,0.6487233908849195
nils frahm,Artist,ive recently gotten into more modern composers like nils frahm olafur arnalds + christian löffler | im a bit stuck as to where to go from here though | any suggestions,https://en.wikipedia.org/wiki/Nils_Frahm,human,Nils_Frahm,2.0635263299815403
olafur arnalds,Artist,ive recently gotten into more modern composers like nils frahm olafur arnalds + christian löffler | im a bit stuck as to where to go from here though | any suggestions,https://en.wikipedia.org/wiki/%C3%93lafur_Arnalds,human,%C3%93lafur_Arnalds,2.2217091199541645
christian löffler,Artist,ive recently gotten into more modern composers like nils frahm olafur arnalds + christian löffler | im a bit stuck as to where to go from here though | any suggestions,,,,0.0
simply red,Artist,simply red album recommendation please,https://en.wikipedia.org/wiki/Simply_Red,musical group,Simply_Red,4.418752283650782
faygo dreams,WoA,looking for recommendations of songs similar to faygo dreams by 6 dogs,,,,0.0
6 dogs,Artist,looking for recommendations of songs similar to faygo dreams by 6 dogs,,,,0.0
the xx,Artist,the xx intro cover with male vocalist,https://en.wikipedia.org/wiki/The_xx,musical group,The_xx,4.090444144831366
intro,WoA,the xx intro cover with male vocalist,https://en.wikipedia.org/wiki/Delirium_(Ellie_Goulding_album),album,Delirium_(Ellie_Goulding_album),1.281804699372172
pelican fly,WoA,pelican fly yovng vbec global,,,,0.0
yovng vbec global,Artist,pelican fly yovng vbec global,,,,0.0
john mayer,Artist,recommend more like this | john mayer neon,https://en.wikipedia.org/wiki/John_Mayer_Trio,musical group,John_Mayer_Trio,1.7364804663592943
neon,WoA,recommend more like this | john mayer neon,https://en.wikipedia.org/wiki/Neon_(Chris_Young_album),album,Neon_(Chris_Young_album),0.8842013210891686
fkj,Artist,looking for an artist similar to fkj,https://en.wikipedia.org/wiki/Freundeskreis,musical group,Freundeskreis,1.318319464404027
september,WoA,something like the first eleven seconds of september,"https://en.wikipedia.org/wiki/September_(Earth,_Wind_%26_Fire_song)",musical work/composition,"September_(Earth,_Wind_%26_Fire_song)",2.4441147721137035
the fresh prince of belair,WoA,bands albums that have songs similar in sound style to the fresh prince of belair intro and outro songs,,,,0.0
music out of the moon,WoA,space lounge music similar to music out of the moon,https://en.wikipedia.org/wiki/Music_Out_of_the_Moon,album,Music_Out_of_the_Moon,0.1023181094380003
one way or another,WoA,looking for sleek poignant songs like one way or another by until the ribbon breaks about a beautifully disturbing unrequited love or songs that capture the feeling of someone looking out for you in an almost menacing way,https://en.wikipedia.org/wiki/One_Way_or_Another,musical work/composition,One_Way_or_Another,2.223111739593664
until the ribbon breaks,Artist,looking for sleek poignant songs like one way or another by until the ribbon breaks about a beautifully disturbing unrequited love or songs that capture the feeling of someone looking out for you in an almost menacing way,https://en.wikipedia.org/wiki/Until_the_Ribbon_Breaks,musical group,Until_the_Ribbon_Breaks,0.0
diablo swing orchestra,Artist,anything like diablo swing orchestra,https://en.wikipedia.org/wiki/Diablo_Swing_Orchestra,musical group,Diablo_Swing_Orchestra,1.152830141816251
cowboy bebops,WoA,songs like cowboy bebops tank,,,,0.0
tank,WoA,songs like cowboy bebops tank,https://en.wikipedia.org/wiki/Tank_(film),film,Tank_(film),1.1205328260087288
 summer camp,Artist,something like summer camp,https://en.wikipedia.org/wiki/Summer_Camp_(band),musical group,Summer_Camp_(band),0.9289722066277246
groove,WoA,songs like groove by torn,https://en.wikipedia.org/wiki/Groove_(Richard_%22Groove%22_Holmes_album),album,Groove_(Richard_%22Groove%22_Holmes_album),0.0
torn,Artist,songs like groove by torn,,,,0.0
kaleo,Artist,looking for artists similar to kaleo seasick steve hozier and johnny cash,https://en.wikipedia.org/wiki/Kaleo_(band),musical group,Kaleo_(band),1.5862509729884984
seasick steve,Artist,looking for artists similar to kaleo seasick steve hozier and johnny cash,https://en.wikipedia.org/wiki/Seasick_Steve,human,Seasick_Steve,3.092110674501379
hozier,Artist,looking for artists similar to kaleo seasick steve hozier and johnny cash,https://en.wikipedia.org/wiki/Hozier_(musician),human,Hozier_(musician),3.203008067032896
johnny cash,Artist,looking for artists similar to kaleo seasick steve hozier and johnny cash,https://en.wikipedia.org/wiki/Johnny_Cash,human,Johnny_Cash,6.911468083752947
sun araw,Artist,music like sun araw,https://en.wikipedia.org/wiki/Sun_Araw,human,Sun_Araw,1.4514971445988287
only just a dream,WoA,looking for something like only just a dream nelly to help me feel sentimental about someone,,,,0.0
nelly,Artist,looking for something like only just a dream nelly to help me feel sentimental about someone,https://en.wikipedia.org/wiki/Nell_(band),boy band,Nell_(band),1.5249363603820552
trev case,Artist,trev case go for you,,,,0.0
go for you,WoA,trev case go for you,https://en.wikipedia.org/wiki/Go_for_Your_Guns,album,Go_for_Your_Guns,0.0434155233460789
abstract,Artist,abstract a promise ft roze,https://en.wikipedia.org/wiki/Abstrac,musical group,Abstrac,0.2135041603024312
a promise,WoA,abstract a promise ft roze,https://en.wikipedia.org/wiki/A_Promise_(Miriam_Makeba_album),album,A_Promise_(Miriam_Makeba_album),0.0
roze,Artist,abstract a promise ft roze,https://en.wikipedia.org/wiki/L%C3%A9on_Bakst,human,L%C3%A9on_Bakst,2.969168620793752
noisia,Artist,what kind of genre is this | noisia & evol intent long gone | original mix,https://en.wikipedia.org/wiki/Noisia,musical group,Noisia,2.948110360095269
evol intent,Artist,what kind of genre is this | noisia & evol intent long gone | original mix,https://en.wikipedia.org/wiki/Evol_Intent,musical group,Evol_Intent,1.852852889199255
long gone,WoA,what kind of genre is this | noisia & evol intent long gone | original mix,https://en.wikipedia.org/wiki/Long_Gone_(album),album,Long_Gone_(album),0.0
sufjan stevens,Artist,artists like sufjan stevens and neutral milk hotel,https://en.wikipedia.org/wiki/Sufjan_Stevens,human,Sufjan_Stevens,4.435115140861262
neutral milk hotel,Artist,artists like sufjan stevens and neutral milk hotel,https://en.wikipedia.org/wiki/Neutral_Milk_Hotel,musical group,Neutral_Milk_Hotel,3.717634138811059
walter wanderleys,Artist,i want more music similar to walter wanderleys its easy to say goodbye so that i can sit back and watch the world end in peace,https://en.wikipedia.org/wiki/Walter_Wanderley,human,Walter_Wanderley,2.241476315647528
its easy to say goodbye,WoA,i want more music similar to walter wanderleys its easy to say goodbye so that i can sit back and watch the world end in peace,,,,0.0
baauer,Artist,songs like the remix baauer did for nero wont you | be there,https://en.wikipedia.org/wiki/Baauer,human,Baauer,2.755899381587593
nero,Artist,songs like the remix baauer did for nero wont you | be there,https://en.wikipedia.org/wiki/Nero_(band),musical group,Nero_(band),3.006991873350101
wont you | be there,WoA,songs like the remix baauer did for nero wont you | be there,,,,0.0
kedr liviansky,Artist,artists like kedr liviansky | heavy synth pop + girl vocals music,,,,0.0
gods country,WoA,any country songs that have the same sound feeling as gods country blake shelton,,,,0.0
blake shelton,Artist,any country songs that have the same sound feeling as gods country blake shelton,https://en.wikipedia.org/wiki/Blake_Shelton,human,Blake_Shelton,4.971715897071183
flows like boss life,WoA,any songs like flows like boss life by snoop dogg,,,,0.0
snoop dogg,Artist,any songs like flows like boss life by snoop dogg,https://en.wikipedia.org/wiki/Snoop_Dogg,human,Snoop_Dogg,7.022739266574407
cold,WoA,please tell m3 songs similar to cold and 7up by boy in space,https://en.wikipedia.org/wiki/Cold_(Maroon_5_song),single,Cold_(Maroon_5_song),0.2321948157227602
7up,WoA,please tell m3 songs similar to cold and 7up by boy in space,,,,0.0
boy in space,Artist,please tell m3 songs similar to cold and 7up by boy in space,https://en.wikipedia.org/wiki/Boy_in_Space,human,Boy_in_Space,0.0
devil has a name,WoA,songs like devil has a name by i gor,,,,0.0
i gor,Artist,songs like devil has a name by i gor,https://en.wikipedia.org/wiki/Anton_Goubau,human,Anton_Goubau,1.2968447877415592
mona lisa,WoA,songs similar to mona lisa by obb,https://en.wikipedia.org/wiki/Mona_Lisa_(Nat_King_Cole_song),single,Mona_Lisa_(Nat_King_Cole_song),2.400770255972292
obb,Artist,songs similar to mona lisa by obb,https://en.wikipedia.org/wiki/OBB_(band),musical group,OBB_(band),0.0103332001490752
lil peep,Artist,artists similar to lil peep cold hart mysticphonk and brennan savage,https://en.wikipedia.org/wiki/Lil_Peep,human,Lil_Peep,2.231795390320613
cold hart,Artist,artists similar to lil peep cold hart mysticphonk and brennan savage,,,,0.0
mysticphonk,Artist,artists similar to lil peep cold hart mysticphonk and brennan savage,,,,0.0
brennan savage,Artist,artists similar to lil peep cold hart mysticphonk and brennan savage,,,,0.0
earth angel,WoA,pretty music in 3 4 like earth angel and françoise hardys tous les garçons et les filles,https://en.wikipedia.org/wiki/Earth_Angel,song,Earth_Angel,2.174465101410062
françoise hardys,Artist,pretty music in 3 4 like earth angel and françoise hardys tous les garçons et les filles,https://en.wikipedia.org/wiki/Fran%C3%A7oise_Hardy,human,Fran%C3%A7oise_Hardy,3.799821426944432
tous les garçons et les filles,WoA,pretty music in 3 4 like earth angel and françoise hardys tous les garçons et les filles,https://en.wikipedia.org/wiki/Tous_les_gar%C3%A7ons_et_les_filles,musical work/composition,Tous_les_gar%C3%A7ons_et_les_filles,0.969443302003473
hyper camelot,WoA,songs like hyper camelot,,,,0.0
high school,WoA,ion lil gut high school,https://en.wikipedia.org/wiki/High_School_(song),single,High_School_(song),0.6968390796259367
ion lil gut,Artist,ion lil gut high school,,,,0.0
yr body is nothing,WoA,looking for something in the exact same vibe as yr body is nothing by boy harsher,,,,0.0
boy harsher,Artist,looking for something in the exact same vibe as yr body is nothing by boy harsher,https://en.wikipedia.org/wiki/Boy_Harsher,musical duo,Boy_Harsher,0.0
igorrr,Artist,im looking for songs similar to igorrr robert,https://en.wikipedia.org/wiki/Igorrr,human,Igorrr,0.0
robert,WoA,im looking for songs similar to igorrr robert,,,,0.0
mr bungle,Artist,maybe like mr bungle but without lyrics,https://en.wikipedia.org/wiki/Mr._Bungle,musical group,Mr._Bungle,3.646678487584881
the phd flopper jingle,WoA,looking for songs that sound like the phd flopper jingle,,,,0.0
aint gonna catch you,WoA,looking for something that sounds similar to the pantheon | aint gonna catch you,,,,0.0
the pantheon,WoA,looking for something that sounds similar to the pantheon | aint gonna catch you,,,,0.0
cardigans,Artist,hi im looking for groups similar to cardigans or groups lead by a female singer | genre pop rock or alternative rock,,,,0.0
superfly,WoA,superfly curtis mayfield,https://en.wikipedia.org/wiki/Superfly_(Superfly_album),album,Superfly_(Superfly_album),0.5216971697640052
curtis mayfield,Artist,superfly curtis mayfield,https://en.wikipedia.org/wiki/Curtis_Mayfield,human,Curtis_Mayfield,5.163969754830761
boris,Artist,stuff like boris pink album but without the singing,https://en.wikipedia.org/wiki/Boris_(band),rock group,Boris_(band),3.4011888960343004
pink,WoA,stuff like boris pink album but without the singing,https://en.wikipedia.org/wiki/Pink_(song),single,Pink_(song),1.736773944360408
kygo,Artist,similar to kygo,https://en.wikipedia.org/wiki/Kygo,human,Kygo,3.4934939107280094
hero,WoA,im looking for songs similar to hero by skillet,https://en.wikipedia.org/wiki/Hero_(Mariah_Carey_song),musical work/composition,Hero_(Mariah_Carey_song),2.96625819672815
skillet,Artist,im looking for songs similar to hero by skillet,https://en.wikipedia.org/wiki/Skillet_(band),rock group,Skillet_(band),4.270200930576685
big thief,Artist,like big thief or neutral milk hotel but british,https://en.wikipedia.org/wiki/Big_Thief,musical group,Big_Thief,0.4875658251702823
neutral milk hotel,Artist,like big thief or neutral milk hotel but british,https://en.wikipedia.org/wiki/Neutral_Milk_Hotel,musical group,Neutral_Milk_Hotel,3.717634138811059
boredom,WoA,laidback rap hip hop songs with good vocals like boredom and see you again by tyler the creator,"https://en.wikipedia.org/wiki/Boredom_(Tyler,_the_Creator_song)",musical work/composition,"Boredom_(Tyler,_the_Creator_song)",0.0
see you again,WoA,laidback rap hip hop songs with good vocals like boredom and see you again by tyler the creator,https://en.wikipedia.org/wiki/See_You_Again,single,See_You_Again,2.738833443249355
tyler the creator,Artist,laidback rap hip hop songs with good vocals like boredom and see you again by tyler the creator,,,,0.0
poolside,Artist,recommendations for music like this poolside remix of harvest moon neil young not sure what genre it fits into,https://en.wikipedia.org/wiki/Poolside_(band),musical group,Poolside_(band),1.064059674278763
harvest moon,WoA,recommendations for music like this poolside remix of harvest moon neil young not sure what genre it fits into,https://en.wikipedia.org/wiki/Harvest_Moon_(album),album,Harvest_Moon_(album),1.6488440931118848
neil young,Artist,recommendations for music like this poolside remix of harvest moon neil young not sure what genre it fits into,https://en.wikipedia.org/wiki/The_Squires,musical group,The_Squires,0.8568815235077967
britney spears,Artist,albums similar to britney spears blackout,https://en.wikipedia.org/wiki/Britney_Spears,human,Britney_Spears,7.17379363429697
blackout,WoA,albums similar to britney spears blackout,https://en.wikipedia.org/wiki/Blackout_(Britney_Spears_album),album,Blackout_(Britney_Spears_album),2.833563246042866
pnau,Artist,similar artists to pnau,https://en.wikipedia.org/wiki/Pnau,musical duo,Pnau,2.833058299854809
runnin,WoA,hip hop similar to runnin from the creed 2 album,https://en.wikipedia.org/wiki/Runnin_(21_Savage_and_Metro_Boomin_song),musical work/composition,Runnin_(21_Savage_and_Metro_Boomin_song),0.0
the creed 2,WoA,hip hop similar to runnin from the creed 2 album,,,,0.0
searching,WoA,looking for the genre of searching youth 83,https://en.wikipedia.org/wiki/Searching_(INXS_song),single,Searching_(INXS_song),0.342616178494282
youth 83,Artist,looking for the genre of searching youth 83,,,,0.0
i dont want to be,WoA,are there songs with a similar meaning like i dont want to be by gavin degraw | preferably in the rock genre,,,,0.0
gavin degraw,Artist,are there songs with a similar meaning like i dont want to be by gavin degraw | preferably in the rock genre,https://en.wikipedia.org/wiki/Gavin_DeGraw,human,Gavin_DeGraw,4.045370154897023
gang of youths,Artist,looking for bands music similar to gang of youths,https://en.wikipedia.org/wiki/Gang_of_Youths,musical group,Gang_of_Youths,1.7325705446360704
metallicas,Artist,looking for songs that give the same vibe as the intro in metallicas song blackened,https://en.wikipedia.org/wiki/Metallica,heavy metal band,Metallica,7.114205696370013
blackened,WoA,looking for songs that give the same vibe as the intro in metallicas song blackened,https://en.wikipedia.org/wiki/Blackened_Sky,album,Blackened_Sky,1.066026764761398
vincent,WoA,songs like vincent or imagine,https://en.wikipedia.org/wiki/Vincent_(Don_McLean_song),song,Vincent_(Don_McLean_song),0.0
imagine,WoA,songs like vincent or imagine,https://en.wikipedia.org/wiki/Imagine_(John_Lennon_song),musical work/composition,Imagine_(John_Lennon_song),4.157292130487512
ariana grande,Artist,ghostin ariana grande,https://en.wikipedia.org/wiki/Ariana_Grande,human,Ariana_Grande,5.294470740072031
ghostin,WoA,ghostin ariana grande,https://en.wikipedia.org/wiki/Ghostin_(song),musical work/composition,Ghostin_(song),0.0
nutshell,WoA,songs like nutshell by alice in chains,https://en.wikipedia.org/wiki/Nutshell_(song),musical work/composition,Nutshell_(song),0.453509130503626
alice in chains,Artist,songs like nutshell by alice in chains,https://en.wikipedia.org/wiki/Alice_in_Chains,rock group,Alice_in_Chains,5.328549848801632
somewhere only we know,WoA,songs like somewhere only we know by keane,https://en.wikipedia.org/wiki/Somewhere_Only_We_Know,single,Somewhere_Only_We_Know,2.301069622341624
keane,Artist,songs like somewhere only we know by keane,https://en.wikipedia.org/wiki/Keane_(band),musical group,Keane_(band),4.651513304035941
florida kilos,WoA,looking for songs similar to florida kilos | lana del ray,,,,0.0
lana del ray,Artist,looking for songs similar to florida kilos | lana del ray,https://en.wikipedia.org/wiki/Lana_Del_Rey,human,Lana_Del_Rey,5.074174549179384
gently wind,WoA,gently wind | joshua speedy,,,,0.0
joshua speedy,Artist,gently wind | joshua speedy,https://en.wikipedia.org/wiki/Joshua_Fry_Speed,human,Joshua_Fry_Speed,1.469551610829102
unison square garden,Artist,music like unison square garden,https://en.wikipedia.org/wiki/Unison_Square_Garden,musical group,Unison_Square_Garden,0.0
sub urbams,Artist,songs like sub urbams cradle,,,,0.0
cradle,WoA,songs like sub urbams cradle,https://en.wikipedia.org/wiki/Cradle_(Atomic_Kitten_song),single,Cradle_(Atomic_Kitten_song),0.1120109126445534
quarter past midnight,WoA,songs artists like quarter past midnight by bastille,https://en.wikipedia.org/wiki/Quarter_Past_Midnight,single,Quarter_Past_Midnight,0.0
bastille,Artist,songs artists like quarter past midnight by bastille,https://en.wikipedia.org/wiki/Bastille_(band),musical group,Bastille_(band),3.745978333945427
jake chudnows,Artist,looking for an album or ep in cassette tape format of synth electronic music with no lyrics and sounds somewhat similar to jake chudnows music,,,,0.0
